month,week,id,date,prod_0,prod_1,prod_2,prod_3,prod_4,prod_5,prod_6,prod_7,prod_8,prod_9,prod_10,prod_11,prod_15
1,1,lamyvbawai1hu350cun,18-01-2023,24.0,0.0,9.0,1.0,0.0,0.0,0.0,16.0,371.36,36.34,0.0,449.5,889.91
1,1,lamyvbawi3dhrqlptm,18-01-2023,39.0,33.0,0.0,0.0,0.0,40.0,5.0,29.0,35.28,929.09,0.0,0.0,1012.68
1,1,lamyvbaw4j4tseuxm7a,18-01-2023,20.0,17.0,30.0,0.0,18.0,47.0,0.0,32.0,602.23,42.33,784.32,774.56,1351.82
1,1,lamyvbaw7jgpvpdiwje,18-01-2023,28.0,13.0,26.0,8.0,0.0,0.0,0.0,28.0,0.0,27.21,0.0,0.0,1363.73
1,1,lamyvbawpfrvou4p8eo,18-01-2023,0.0,28.0,0.0,42.0,0.0,19.0,0.0,0.0,497.71,0.0,307.08,1005.11,1416.53
1,1,lamyvbaw4gy6eo69kj9,18-01-2023,0.0,31.0,14.0,2.0,0.0,41.0,0.0,0.0,22.19,717.99,0.0,0.0,951.2
1,1,lamyvbawq39wpnaume9,18-01-2023,0.0,16.0,20.0,0.0,48.0,47.0,30.0,36.0,0.0,650.15,0.0,757.53,933.63
1,1,lamyvbaw6kcfyqjdty7,18-01-2023,0.0,0.0,0.0,0.0,0.0,45.0,9.0,0.0,1095.89,404.03,0.0,568.44,1272.25
1,1,lamyvbaw0yvie7z9uimg,19-01-2023,0.0,0.0,3.0,0.0,31.0,3.0,0.0,0.0,610.41,962.75,0.0,0.0,1335.3
1,1,lamyvbawmleh4fo0pd,19-01-2023,0.0,6.0,23.0,34.0,0.0,48.0,0.0,0.0,420.81,0.0,0.0,639.02,984.97
1,1,lamyvbawh5qbwgira9o,19-01-2023,12.0,0.0,0.0,9.0,10.0,10.0,0.0,19.0,0.0,953.37,322.86,0.0,755.53
1,1,lamyvbawehza3dk80e,19-01-2023,6.0,0.0,0.0,37.0,2.0,0.0,14.0,0.0,8.58,27.59,0.0,1026.5,1290.71
1,1,lamyvbawi56jyiq6bx,19-01-2023,0.0,21.0,0.0,44.0,0.0,0.0,0.0,0.0,746.59,40.53,0.0,911.82,714.75
1,1,lamyvbawas0fd1qoknt,19-01-2023,24.0,9.0,14.0,40.0,0.0,18.0,0.0,0.0,440.93,307.08,0.0,0.0,916.9
1,1,lamyvbawvopct244wke,19-01-2023,0.0,0.0,11.0,40.0,0.0,0.0,12.0,48.0,0.0,0.0,0.0,0.0,833.89
1,2,lamyvbbc3xwkys434u,25-01-2023,0.0,0.0,0.0,27.0,21.0,22.0,0.0,7.0,726.83,404.05,716.54,0.0,1266.38
1,2,lamyvbbcfkuq6smhy0e,25-01-2023,0.0,0.0,49.0,46.0,0.0,30.0,20.0,0.0,305.49,0.0,0.0,0.0,655.96
1,2,lamyvbbcbyhd9p4ct2,25-01-2023,0.0,0.0,27.0,7.0,17.0,40.0,26.0,0.0,485.33,658.74,517.01,485.28,898.92
1,2,lamyvbbct7p40q2or7g,25-01-2023,29.0,0.0,0.0,49.0,29.0,0.0,0.0,23.0,0.0,0.0,0.0,219.96,1001.38
1,2,lamyvbbcahk773liq4,25-01-2023,21.0,8.0,0.0,0.0,44.0,0.0,0.0,34.0,605.35,0.0,626.13,38.92,891.21
1,2,lamyvbbc888dfpyal2t,25-01-2023,0.0,39.0,9.0,10.0,0.0,42.0,10.0,30.0,54.86,732.03,0.0,127.43,1111.86
1,2,lamyvbbcspeakj8hdtp,25-01-2023,0.0,28.0,19.0,0.0,29.0,0.0,0.0,0.0,16.66,7.91,0.0,745.73,1128.55
1,2,lamyvbbcptgh24c6fe,25-01-2023,14.0,33.0,0.0,0.0,5.0,0.0,14.0,0.0,0.0,43.06,0.0,0.0,740.16
1,2,lamyvbbcdyqx5ik7od9,25-01-2023,0.0,0.0,21.0,43.0,0.0,0.0,0.0,10.0,26.92,44.74,0.0,427.01,848.78
1,2,lamyvbbcsbwsh69njca,25-01-2023,0.0,0.0,0.0,0.0,23.0,5.0,0.0,37.0,146.8,23.44,0.0,392.05,1205.9
1,2,lamyvbbcb5v9y1lrey,26-01-2023,0.0,8.0,0.0,26.0,15.0,42.0,3.0,0.0,723.36,734.29,0.0,422.54,668.93
1,2,lamyvbbcz8kpdg79ggb,26-01-2023,28.0,0.0,23.0,1.0,0.0,0.0,39.0,0.0,0.0,417.91,439.13,59.03,1018.64
1,2,lamyvbbcf973fyvfrqr,26-01-2023,0.0,0.0,43.0,33.0,35.0,0.0,0.0,0.0,755.74,17.97,0.0,605.96,898.74
1,2,lamyvbbc3juoax6jdh2,26-01-2023,0.0,0.0,0.0,0.0,19.0,0.0,0.0,0.0,30.1,592.27,0.0,0.0,859.88
1,2,lamyvbbcv0sistiwjce,26-01-2023,21.0,10.0,0.0,22.0,8.0,0.0,0.0,0.0,46.16,223.74,771.3,0.0,732.14
1,2,lamyvbbc97dw6446ei,26-01-2023,0.0,0.0,14.0,15.0,0.0,11.0,5.0,34.0,47.12,18.05,347.62,0.0,970.22
1,2,lamyvbbclxse47f0cr,26-01-2023,0.0,21.0,11.0,27.0,7.0,0.0,0.0,0.0,766.34,613.43,0.0,0.0,1294.61
2,3,lamyvbbrp94pyii48l,01-02-2023,0.0,5.0,5.0,0.0,36.0,45.0,0.0,0.0,0.68,0.0,0.0,0.0,1185.56
2,3,lamyvbbr60zj1i3ic5c,01-02-2023,34.0,15.0,41.0,19.0,0.0,0.0,8.0,0.0,9.23,49.8,0.0,0.0,679.85
2,3,lamyvbbrx6ztmssg8c,01-02-2023,38.0,43.0,45.0,0.0,0.0,0.0,10.0,39.0,0.0,458.81,0.0,49.85,803.87
2,3,lamyvbbr97buwhfxron,01-02-2023,0.0,0.0,41.0,0.0,29.0,0.0,38.0,21.0,0.0,0.0,0.0,0.0,570.95
2,3,lamyvbbr9csmrta8rpf,01-02-2023,0.0,0.0,13.0,12.0,0.0,24.0,45.0,29.0,0.0,30.71,0.0,0.0,912.42
2,3,lamyvbbre2f152cp2w,01-02-2023,0.0,0.0,0.0,0.0,0.0,0.0,9.0,22.0,185.0,230.89,0.0,0.0,784.54
2,3,lamyvbbrh8yg95mpgci,01-02-2023,34.0,0.0,11.0,18.0,0.0,0.0,35.0,0.0,445.32,361.79,0.0,389.64,1289.7
2,3,lamyvbbra51jot0yst,02-02-2023,0.0,0.0,0.0,0.0,12.0,0.0,15.0,32.0,2.99,0.0,226.03,0.0,1190.7
2,3,lamyvbbr9b0fmupsl07,02-02-2023,19.0,0.0,0.0,0.0,4.0,9.0,0.0,0.0,0.0,0.0,0.0,0.0,877.54
2,3,lamyvbbrv1jf8sjdxu,02-02-2023,0.0,12.0,0.0,0.0,24.0,0.0,25.0,0.0,237.08,38.06,0.0,128.5,1111.41
2,3,lamyvbbravl8hwk99fe,02-02-2023,21.0,15.0,24.0,0.0,45.0,0.0,7.0,20.0,1.42,27.18,0.0,0.0,1089.45
2,3,lamyvbbrvhbyxgi7nri,02-02-2023,0.0,11.0,33.0,27.0,47.0,0.0,0.0,0.0,275.64,303.13,0.0,0.0,654.51
2,3,lamyvbbrru7bqbj2w0n,02-02-2023,0.0,0.0,0.0,0.0,0.0,0.0,0.0,43.0,7.25,0.0,0.0,439.93,835.87
2,3,lamyvbbrvf5lf9x7at,02-02-2023,39.0,5.0,0.0,0.0,4.0,0.0,0.0,46.0,0.0,0.0,0.0,318.45,1094.8
2,3,lamyvbbryggnjcay0gl,02-02-2023,0.0,33.0,26.0,0.0,32.0,0.0,49.0,39.0,0.0,13.8,152.9,0.0,725.53
2,3,lamyvbbrda967tk2gn6,02-02-2023,0.0,0.0,17.0,31.0,41.0,0.0,20.0,1.0,277.24,307.33,0.0,0.0,883.78
2,4,lamyvbc3flsil3nzgm,08-02-2023,0.0,0.0,0.0,0.0,18.0,14.0,23.0,11.0,9.75,534.17,0.0,478.55,678.95
2,4,lamyvbc4ppyolii27x9,08-02-2023,0.0,42.0,0.0,35.0,16.0,0.0,1.0,19.0,756.52,522.81,0.0,22.69,1117.85
2,4,lamyvbc4g0wor1271wg,08-02-2023,0.0,0.0,4.0,0.0,25.0,0.0,0.0,10.0,0.0,0.0,0.0,0.0,563.16
2,4,lamyvbc4kk9leukjwn,08-02-2023,31.0,0.0,35.0,0.0,0.0,3.0,7.0,14.0,572.04,7.4,0.0,0.0,1036.84
2,4,lamyvbc4dxubq769mb,08-02-2023,0.0,0.0,13.0,18.0,23.0,0.0,0.0,2.0,657.2,0.0,629.8,48.52,1023.4
2,4,lamyvbc4pt7toeiaty,08-02-2023,27.0,49.0,0.0,0.0,0.0,0.0,37.0,0.0,43.44,410.55,489.21,0.0,566.99
2,4,lamyvbc4oj0zr6ys0v,08-02-2023,0.0,0.0,24.0,0.0,13.0,0.0,36.0,49.0,147.4,0.0,345.44,307.38,1227.21
2,4,lamyvbc43zzh282y3y7,08-02-2023,0.0,47.0,0.0,10.0,0.0,0.0,4.0,28.0,670.94,65.05,0.0,0.0,860.46
2,4,lamyvbc4ksp2octgd5d,08-02-2023,0.0,0.0,0.0,0.0,0.0,39.0,0.0,0.0,87.49,0.0,0.0,637.38,536.49
2,4,lamyvbc46bz7nkqg9lc,08-02-2023,10.0,0.0,0.0,0.0,29.0,0.0,0.0,4.0,20.22,688.76,0.0,411.07,529.3
2,4,lamyvbc3ugqob4xq9mg,09-02-2023,0.0,4.0,0.0,10.0,5.0,1.0,44.0,34.0,523.2,159.68,20.97,0.0,747.36
2,4,lamyvbc4m70wy0udzp,09-02-2023,0.0,34.0,46.0,28.0,26.0,16.0,45.0,5.0,56.84,49.05,39.72,235.34,941.31
2,4,lamyvbc4evcv9mxrrw7,09-02-2023,16.0,2.0,0.0,24.0,41.0,42.0,0.0,0.0,36.47,0.0,0.0,0.0,1255.04
2,4,lamyvbc4ipnrxe0vj29,09-02-2023,9.0,0.0,33.0,0.0,25.0,1.0,7.0,0.0,0.0,611.76,0.0,0.0,529.54
2,4,lamyvbc48mhtva0ipvo,09-02-2023,0.0,0.0,0.0,4.0,22.0,0.0,4.0,2.0,12.18,0.0,512.0,0.0,912.49
2,4,lamyvbc4lr1humkmz4,09-02-2023,18.0,0.0,6.0,35.0,0.0,0.0,0.0,0.0,28.75,552.32,0.0,0.0,1020.02
2,4,lamyvbc4sut6urngyem,09-02-2023,0.0,40.0,0.0,44.0,0.0,48.0,1.0,0.0,42.1,426.26,352.56,0.0,971.81
2,4,lamyvbc4x4cjqjojyy,09-02-2023,23.0,30.0,22.0,0.0,35.0,0.0,0.0,0.0,8.3,19.16,66.8,0.0,492.97
2,5,lamyvbcglydkb3ivwe,15-02-2023,0.0,0.0,10.0,11.0,22.0,0.0,0.0,0.0,422.71,39.44,0.0,895.09,587.7
2,5,lamyvbcgw1g75ss35as,15-02-2023,2.0,6.0,0.0,49.0,0.0,0.0,0.0,0.0,3.22,31.35,0.0,548.7,686.19
2,5,lamyvbcg99wg6totc5b,15-02-2023,0.0,18.0,36.0,28.0,0.0,48.0,12.0,0.0,0.0,990.65,0.0,403.63,1163.28
2,5,lamyvbcg62dumontod,15-02-2023,0.0,37.0,40.0,0.0,0.0,0.0,0.0,4.0,735.47,602.7,0.0,0.0,720.3
2,5,lamyvbcgpfaqkbh93d9,15-02-2023,49.0,0.0,0.0,40.0,0.0,0.0,0.0,19.0,412.53,3.33,848.14,0.0,1030.83
2,5,lamyvbcgs9jtsyxhkom,15-02-2023,0.0,29.0,0.0,0.0,0.0,0.0,0.0,0.0,0.0,565.77,0.0,1035.9,1058.4
2,5,lamyvbcghbebrzpt2p6,15-02-2023,27.0,0.0,0.0,0.0,0.0,0.0,0.0,0.0,987.3,1021.89,0.0,1077.58,1042.89
2,5,lamyvbcg6rwijz4x3dq,15-02-2023,12.0,40.0,0.0,4.0,4.0,0.0,34.0,0.0,392.59,44.63,1076.1,550.06,619.25
2,5,lamyvbcgt7k6ekorey8,15-02-2023,33.0,0.0,0.0,3.0,0.0,30.0,0.0,0.0,0.0,896.19,1055.86,602.67,1032.43
2,5,lamyvbcgrokpnoxrad,15-02-2023,14.0,22.0,0.0,38.0,0.0,37.0,0.0,48.0,0.0,496.9,915.12,0.0,576.05
2,5,lamyvbcgx0vycbutsjj,15-02-2023,49.0,0.0,2.0,0.0,6.0,19.0,0.0,0.0,1069.05,840.08,0.0,0.0,1144.99
2,5,lamyvbcgjbo58royb3,16-02-2023,0.0,19.0,0.0,39.0,0.0,0.0,0.0,0.0,361.74,737.09,647.6,403.77,782.31
2,5,lamyvbcgx659z1m9msi,16-02-2023,0.0,33.0,0.0,0.0,0.0,14.0,4.0,33.0,590.91,0.0,786.06,0.0,1067.37
2,5,lamyvbcgg1karsmwoia,16-02-2023,0.0,0.0,8.0,0.0,0.0,41.0,13.0,8.0,49.54,808.32,843.73,423.31,1138.09
2,5,lamyvbcg91oayzww29,16-02-2023,0.0,37.0,22.0,0.0,42.0,48.0,44.0,0.0,592.9,376.48,364.12,0.0,531.8
2,5,lamyvbcg8kfeworc6oc,16-02-2023,23.0,0.0,0.0,46.0,0.0,38.0,23.0,0.0,907.77,642.33,386.22,0.0,753.38
2,5,lamyvbcg28yvqfwjlgg,16-02-2023,1.0,0.0,49.0,0.0,43.0,6.0,38.0,0.0,524.96,0.0,544.72,857.72,922.11
2,5,lamyvbcgwq0tdoy6ih,16-02-2023,7.0,14.0,0.0,18.0,36.0,0.0,0.0,0.0,1043.84,0.0,0.0,944.34,512.9
2,6,lamyvbcrx0i0h7u1bj,22-02-2023,12.0,0.0,45.0,0.0,0.0,33.0,0.0,33.0,6.15,397.93,315.19,5.8,853.05
2,6,lamyvbcrs2vci7vrhn,22-02-2023,0.0,20.0,48.0,17.0,38.0,17.0,49.0,4.0,181.45,0.0,0.0,0.0,608.48
2,6,lamyvbcrwb45sgwgmyh,22-02-2023,0.0,12.0,22.0,49.0,0.0,0.0,47.0,11.0,0.0,581.77,493.18,96.76,831.58
2,6,lamyvbcrukuir1f4czf,22-02-2023,0.0,0.0,0.0,3.0,0.0,0.0,33.0,0.0,3.57,0.0,0.0,261.29,963.02
2,6,lamyvbcrahzcueymuxa,22-02-2023,0.0,25.0,40.0,0.0,0.0,46.0,0.0,1.0,684.33,49.87,237.14,0.0,767.33
2,6,lamyvbcrrmgn8mqew9,23-02-2023,33.0,6.0,0.0,38.0,0.0,0.0,0.0,16.0,0.0,690.56,756.05,0.0,1270.76
2,6,lamyvbcr1iinazazcko,23-02-2023,44.0,12.0,0.0,30.0,0.0,0.0,0.0,0.0,29.47,0.0,44.6,0.0,1299.45
2,6,lamyvbcregr16vk916u,23-02-2023,0.0,0.0,0.0,0.0,0.0,6.0,8.0,21.0,0.0,0.0,0.0,0.0,572.96
3,7,lamyvbd3igjy7t0e1qn,01-03-2023,15.0,6.0,13.0,0.0,31.0,12.0,0.0,0.0,0.0,148.85,0.0,0.0,1098.05
3,7,lamyvbd4861f1sfi5un,01-03-2023,45.0,33.0,0.0,35.0,0.0,0.0,41.0,0.0,435.06,5.82,49.31,0.0,1177.68
3,7,lamyvbd4ounc5lsb2yh,01-03-2023,0.0,0.0,0.0,8.0,0.0,0.0,0.0,0.0,339.78,19.08,0.0,167.86,923.66
3,7,lamyvbd4tvzj5tgmnsk,01-03-2023,22.0,0.0,0.0,0.0,0.0,0.0,9.0,20.0,0.0,428.43,0.0,0.0,1215.57
3,7,lamyvbd4pljsxfzoi7e,01-03-2023,0.0,0.0,0.0,0.0,24.0,31.0,30.0,0.0,0.0,0.0,38.86,0.0,617.8
3,7,lamyvbd3hpunp7utio5,01-03-2023,0.0,16.0,36.0,5.0,0.0,0.0,0.0,0.0,405.72,0.0,221.34,0.0,1249.93
3,7,lamyvbd3zuwq0n1vysh,01-03-2023,35.0,0.0,0.0,30.0,44.0,0.0,0.0,0.0,0.0,0.0,241.46,0.0,1262.92
3,7,lamyvbd4ir1a1vhg1qq,01-03-2023,0.0,16.0,0.0,0.0,0.0,0.0,0.0,1.0,43.28,0.0,0.0,0.0,1258.19
3,7,lamyvbd3uwimdnfjys8,01-03-2023,0.0,0.0,23.0,41.0,0.0,46.0,29.0,0.0,0.0,0.0,227.26,251.65,882.38
3,7,lamyvbd325tbc86d81q,01-03-2023,41.0,0.0,4.0,0.0,18.0,2.0,43.0,0.0,0.0,270.43,0.0,0.0,606.83
3,7,lamyvbd35nk0c28m72i,01-03-2023,16.0,0.0,24.0,31.0,0.0,41.0,0.0,0.0,369.1,21.02,204.09,0.0,686.59
3,7,lamyvbd3c82joautqe,02-03-2023,37.0,47.0,35.0,0.0,26.0,13.0,0.0,17.0,13.8,27.4,411.86,5.43,769.13
3,7,lamyvbd4lqeu1ryfxh,02-03-2023,6.0,0.0,39.0,0.0,13.0,5.0,4.0,0.0,0.0,0.0,182.52,157.13,808.52
3,7,lamyvbd46fz8s9trls8,02-03-2023,26.0,0.0,5.0,0.0,24.0,0.0,11.0,0.0,0.0,4.32,119.19,17.11,1154.33
3,7,lamyvbd4wc0s1hzt2an,02-03-2023,21.0,30.0,0.0,28.0,24.0,8.0,10.0,27.0,0.0,0.0,147.18,0.0,995.5
3,7,lamyvbd4925kqu8i3p6,02-03-2023,18.0,15.0,0.0,36.0,0.0,37.0,37.0,0.0,0.0,0.0,0.0,0.0,1311.76
3,7,lamyvbd3nt5lum53wxo,02-03-2023,0.0,0.0,23.0,0.0,0.0,0.0,0.0,22.0,0.0,18.2,0.0,0.0,1149.67
3,7,lamyvbd4yoghu3ra3s,02-03-2023,0.0,35.0,38.0,30.0,5.0,43.0,43.0,46.0,0.0,19.29,0.0,82.73,1013.28
3,7,lamyvbd41gsdtqlaa8p,02-03-2023,0.0,0.0,0.0,16.0,4.0,0.0,0.0,10.0,0.0,29.89,0.0,275.67,874.55
3,7,lamyvbd4ak6v0f05d6b,02-03-2023,39.0,33.0,0.0,0.0,0.0,16.0,0.0,0.0,427.46,0.0,0.0,352.51,704.02
3,7,lamyvbd3jk02813upv,02-03-2023,33.0,0.0,0.0,32.0,22.0,0.0,0.0,44.0,0.0,370.7,0.0,0.0,1338.08
3,7,lamyvbd3fwjrmgqbu5,02-03-2023,0.0,0.0,0.0,0.0,26.0,0.0,0.0,26.0,0.0,34.55,425.93,100.42,742.04
3,7,lamyvbd3n5hl9dsf77p,02-03-2023,35.0,37.0,25.0,37.0,0.0,0.0,34.0,0.0,435.46,0.0,0.0,0.0,1285.54
3,7,lamyvbd33txts20cooh,02-03-2023,0.0,16.0,0.0,47.0,0.0,0.0,0.0,28.0,0.0,0.0,0.0,0.0,1350.95
3,7,lamyvbd3007ko72fgqvhe,02-03-2023,0.0,0.0,12.0,0.0,37.0,0.0,0.0,37.0,127.11,163.12,311.29,0.0,568.98
3,7,lamyvbd4dnry2ruj9zi,02-03-2023,0.0,0.0,0.0,0.0,0.0,0.0,0.0,38.0,95.5,145.87,0.0,0.0,1080.82
3,7,lamyvbd33sye6ntmk29,02-03-2023,0.0,0.0,0.0,0.0,20.0,0.0,0.0,27.0,345.2,89.67,191.15,0.0,960.58
3,8,lamyvbdgdjdzqo3gb9j,08-03-2023,17.0,18.0,0.0,0.0,41.0,0.0,0.0,35.0,0.0,29.41,341.47,0.0,1142.97
3,8,lamyvbdgyabrzoxk93,08-03-2023,36.0,43.0,0.0,49.0,0.0,2.0,4.0,44.0,0.0,4.55,4.67,499.88,1314.93
3,8,lamyvbdgkhmlbn71a7j,08-03-2023,0.0,41.0,0.0,0.0,0.0,49.0,0.0,3.0,17.48,0.0,338.82,0.0,796.35
3,8,lamyvbdg99dbr72gktb,08-03-2023,0.0,21.0,0.0,0.0,3.0,36.0,0.0,2.0,0.0,318.35,303.94,0.0,1286.33
3,8,lamyvbdgim6cwk0yo8a,08-03-2023,0.0,0.0,41.0,0.0,0.0,0.0,33.0,4.0,208.63,27.64,317.05,0.0,659.79
3,8,lamyvbdggf4bf7p5ayv,08-03-2023,34.0,0.0,0.0,25.0,29.0,46.0,0.0,49.0,379.84,24.58,0.0,353.49,1176.17
3,8,lamyvbdghrn4sm8c0wc,08-03-2023,0.0,36.0,28.0,31.0,0.0,16.0,0.0,17.0,0.0,699.71,369.52,0.0,1131.29
3,8,lamyvbdg7g8erdc931u,08-03-2023,0.0,11.0,17.0,0.0,5.0,10.0,0.0,39.0,249.76,8.24,0.0,0.0,1357.97
3,8,lamyvbdghjfdk5vdbpf,08-03-2023,34.0,33.0,44.0,0.0,0.0,9.0,5.0,32.0,751.2,601.43,0.0,0.0,835.94
3,8,lamyvbdg11g9mj7ggck,08-03-2023,49.0,0.0,9.0,46.0,22.0,25.0,0.0,0.0,103.64,35.59,0.0,0.0,659.77
3,8,lamyvbdgh50d1oowzbp,08-03-2023,27.0,44.0,41.0,0.0,30.0,0.0,0.0,13.0,28.24,0.0,0.0,0.0,854.99
3,8,lamyvbdgmf3h5juud0r,08-03-2023,7.0,0.0,33.0,0.0,0.0,45.0,2.0,0.0,300.94,2.01,241.88,0.0,1420.18
3,8,lamyvbdgkb2xf9546km,08-03-2023,0.0,38.0,42.0,0.0,0.0,0.0,0.0,41.0,16.79,164.16,0.0,0.0,915.26
3,8,lamyvbdg3lkdthy5ud3,09-03-2023,0.0,8.0,0.0,34.0,0.0,26.0,0.0,0.0,0.88,13.69,0.0,242.23,697.43
3,8,lamyvbdg9qewcc3puzj,09-03-2023,0.0,0.0,0.0,38.0,0.0,18.0,29.0,0.0,32.31,383.82,779.66,0.0,1270.52
3,8,lamyvbdgo6uekexp4xk,09-03-2023,0.0,6.0,39.0,34.0,0.0,0.0,0.0,16.0,677.54,0.0,825.67,0.0,1374.88
3,8,lamyvbdgsp191t33obf,09-03-2023,0.0,14.0,0.0,0.0,39.0,42.0,0.0,0.0,234.02,28.03,336.08,346.39,956.83
3,8,lamyvbdgi6kvjzwwo2,09-03-2023,19.0,21.0,37.0,0.0,0.0,0.0,0.0,16.0,425.6,710.41,665.27,0.0,969.86
3,8,lamyvbdghlezwv8wx1k,09-03-2023,13.0,0.0,0.0,0.0,0.0,5.0,21.0,0.0,557.65,44.93,0.0,356.79,1407.72
3,8,lamyvbdggi4aiaq2y7l,09-03-2023,0.0,0.0,23.0,0.0,32.0,0.0,0.0,3.0,425.49,632.92,0.0,0.0,1438.1
3,8,lamyvbdghufbalv4rd,09-03-2023,5.0,0.0,0.0,25.0,24.0,0.0,15.0,4.0,23.47,551.38,0.0,445.65,857.81
3,8,lamyvbdgq6nfiqduug,09-03-2023,16.0,34.0,0.0,0.0,28.0,0.0,13.0,0.0,235.38,327.71,0.0,0.0,1367.1
3,8,lamyvbdgnm89woz2wm,09-03-2023,1.0,12.0,0.0,26.0,0.0,11.0,1.0,40.0,271.69,768.65,728.89,0.0,1275.74
3,8,lamyvbdg6gg7dmugfa3,09-03-2023,0.0,46.0,48.0,0.0,0.0,8.0,0.0,0.0,0.0,1.28,72.67,818.97,978.09
3,9,lamyvbdsyrzhd3ah5yl,15-03-2023,47.0,0.0,9.0,25.0,30.0,0.0,0.0,0.0,29.49,0.0,524.73,318.98,1174.8
3,9,lamyvbds3n0xe1n6eif,15-03-2023,0.0,32.0,0.0,33.0,38.0,0.0,0.0,0.0,23.16,759.73,0.0,659.8,985.71
3,9,lamyvbdsgzd0r4vvu9,15-03-2023,4.0,49.0,39.0,0.0,43.0,45.0,0.0,30.0,532.92,862.13,0.0,544.61,800.17
3,9,lamyvbdsbodebdfjjsh,15-03-2023,0.0,27.0,7.0,48.0,2.0,0.0,47.0,0.0,21.65,0.0,583.77,0.0,1541.95
3,9,lamyvbdsz2luwvrmur,15-03-2023,0.0,34.0,29.0,49.0,0.0,0.0,0.0,0.0,0.0,0.0,623.01,0.0,1546.2
3,9,lamyvbdsh4z5ouw6o2,15-03-2023,0.0,0.0,33.0,12.0,27.0,15.0,0.0,33.0,1.58,2.61,0.0,586.61,835.18
3,9,lamyvbds24kmpopxwly,16-03-2023,0.0,8.0,42.0,0.0,0.0,26.0,6.0,0.0,49.88,638.42,860.64,0.0,1323.86
3,9,lamyvbds3kzbwbse9gv,16-03-2023,0.0,47.0,28.0,0.0,0.0,25.0,19.0,18.0,28.2,560.67,0.0,967.57,797.63
3,9,lamyvbdsywts4lc8wv,16-03-2023,0.0,25.0,0.0,0.0,35.0,18.0,35.0,0.0,832.53,14.9,0.0,0.0,796.84
3,9,lamyvbds67ta617sk1t,16-03-2023,47.0,16.0,0.0,20.0,23.0,0.0,12.0,31.0,590.02,0.0,640.85,0.0,1029.96
3,9,lamyvbdsqixvbkjb4fj,16-03-2023,5.0,0.0,19.0,30.0,11.0,19.0,0.0,0.0,7.45,0.0,531.9,557.93,898.12
3,9,lamyvbdscn60q3tv569,16-03-2023,43.0,17.0,33.0,0.0,30.0,12.0,1.0,1.0,580.43,16.16,310.06,0.0,1049.13
3,9,lamyvbdshw8tc2gn8ql,16-03-2023,12.0,0.0,0.0,29.0,0.0,0.0,0.0,0.0,731.77,0.0,0.0,816.96,799.72
3,10,lamyvbe45d96cvuwea3,22-03-2023,0.0,13.0,33.0,0.0,0.0,0.0,0.0,0.0,42.07,152.64,521.79,311.23,959.04
3,10,lamyvbe4prniozfn6mm,22-03-2023,6.0,0.0,39.0,5.0,0.0,0.0,44.0,0.0,27.93,175.71,127.81,0.0,1039.25
3,10,lamyvbe4umvci88pjep,22-03-2023,0.0,23.0,0.0,0.0,48.0,20.0,8.0,20.0,717.92,0.0,0.0,663.06,1167.67
3,10,lamyvbe40c3x7zdd70qg,22-03-2023,48.0,0.0,0.0,46.0,0.0,27.0,0.0,0.0,0.0,12.86,545.17,0.0,1325.65
3,10,lamyvbe4c57sliyat8,22-03-2023,32.0,31.0,0.0,0.0,0.0,0.0,0.0,20.0,120.88,222.72,0.0,0.0,1521.19
3,10,lamyvbe4944q6rcf7yf,22-03-2023,45.0,5.0,0.0,31.0,0.0,0.0,29.0,0.0,292.97,0.0,0.0,0.0,1444.88
3,10,lamyvbe4m6xd10tyv6m,22-03-2023,8.0,30.0,0.0,16.0,19.0,18.0,0.0,0.0,775.45,229.87,0.0,0.0,1115.07
3,10,lamyvbe4pd75c07kjy,22-03-2023,0.0,4.0,10.0,0.0,31.0,0.0,30.0,0.0,552.72,570.46,231.84,0.0,1404.35
3,10,lamyvbe4ucfxw4ou50c,22-03-2023,0.0,30.0,0.0,0.0,0.0,13.0,28.0,0.0,0.0,0.0,0.0,0.0,927.6
3,10,lamyvbe4xqs7w4irrb,22-03-2023,27.0,0.0,25.0,0.0,31.0,45.0,0.0,0.0,20.65,42.14,597.83,39.52,1061.55
3,10,lamyvbe4e6x37im2am,22-03-2023,40.0,9.0,0.0,19.0,33.0,0.0,0.0,0.0,38.5,13.29,0.0,129.32,1440.58
3,10,lamyvbe40wc73o6w0c8,22-03-2023,17.0,0.0,5.0,0.0,21.0,0.0,31.0,13.0,10.84,780.99,766.56,529.09,1384.52
3,10,lamyvbe45e63e7ql73j,22-03-2023,42.0,31.0,0.0,0.0,0.0,11.0,0.0,24.0,561.01,764.09,0.0,0.0,1147.25
3,10,lamyvbe40vp8vfvdgb6,22-03-2023,0.0,26.0,0.0,0.0,45.0,17.0,0.0,0.0,27.57,62.75,0.0,0.0,1182.89
3,10,lamyvbe4tb9axfs0bc,23-03-2023,11.0,0.0,40.0,0.0,10.0,22.0,47.0,38.0,6.91,25.87,0.0,569.39,1433.49
3,10,lamyvbe4vhgxplq23he,23-03-2023,15.0,13.0,3.0,39.0,37.0,0.0,43.0,41.0,380.97,19.25,0.0,728.11,1174.77
3,10,lamyvbe4bh3tbmzfi27,23-03-2023,21.0,0.0,16.0,0.0,19.0,36.0,46.0,25.0,168.57,33.96,0.0,706.95,1270.3
3,10,lamyvbe4e43bor03z7g,23-03-2023,25.0,29.0,49.0,0.0,25.0,20.0,0.0,1.0,3.34,303.86,424.77,38.66,913.3
3,10,lamyvbe47tuiwqz5pu,23-03-2023,0.0,19.0,27.0,0.0,7.0,0.0,37.0,2.0,17.39,49.52,441.17,0.0,1298.58
3,10,lamyvbe4c2jkbyijvel,23-03-2023,0.0,28.0,36.0,47.0,0.0,3.0,0.0,0.0,430.76,757.07,718.51,0.0,960.51
3,10,lamyvbe44leyqd0vkzb,23-03-2023,18.0,0.0,19.0,43.0,19.0,0.0,39.0,0.0,666.78,406.48,107.92,70.32,1336.15
3,10,lamyvbe4kvjocxqk7g9,23-03-2023,11.0,23.0,4.0,0.0,0.0,0.0,1.0,16.0,762.36,59.79,0.0,0.0,1498.01
3,10,lamyvbe4v10vggas3w,23-03-2023,1.0,0.0,34.0,31.0,49.0,10.0,0.0,0.0,0.0,545.4,264.82,0.0,1175.04
3,10,lamyvbe40pksa9zrq22,23-03-2023,0.0,0.0,0.0,13.0,38.0,23.0,0.0,23.0,0.0,593.37,12.35,672.59,1523.26
3,10,lamyvbe4z2bub5k12z,23-03-2023,0.0,25.0,9.0,11.0,0.0,35.0,39.0,11.0,604.07,97.51,0.0,534.34,888.69
3,10,lamyvbe42k9p637p70e,23-03-2023,29.0,37.0,25.0,28.0,0.0,48.0,0.0,0.0,0.0,280.06,615.1,653.38,1542.8
3,10,lamyvbe4kcmhdvgaqvl,23-03-2023,23.0,0.0,0.0,6.0,10.0,38.0,44.0,0.0,5.88,116.09,619.57,361.11,1229.02
3,10,lamyvbe40ityv1n1dgke,23-03-2023,39.0,37.0,0.0,8.0,0.0,0.0,12.0,43.0,354.42,527.34,0.0,608.16,936.43
3,10,lamyvbe4y3pmun7b3z,23-03-2023,0.0,0.0,0.0,30.0,0.0,0.0,40.0,40.0,0.0,0.0,0.0,252.18,1022.11
3,10,lamyvbe467g9wgg1hpx,23-03-2023,0.0,38.0,0.0,0.0,5.0,1.0,7.0,0.0,485.94,0.0,0.0,135.23,1399.23
3,10,lamyvbe43fnnp2bugfo,23-03-2023,32.0,7.0,17.0,15.0,0.0,0.0,48.0,42.0,610.89,553.52,134.98,656.41,1653.79
3,10,lamyvbe4ijjve51tkth,23-03-2023,0.0,0.0,0.0,0.0,22.0,21.0,0.0,9.0,38.2,496.54,438.95,495.42,1667.85
3,10,lamyvbe423v8ktnakly,23-03-2023,0.0,25.0,0.0,46.0,2.0,0.0,0.0,0.0,17.45,0.0,0.0,182.42,1542.28
3,10,lamyvbe42ufmyu9opji,23-03-2023,4.0,0.0,0.0,0.0,29.0,24.0,0.0,9.0,108.95,396.19,202.98,0.0,1464.22
3,10,lamyvbe4qelt3d3d30b,23-03-2023,0.0,0.0,46.0,48.0,0.0,23.0,0.0,4.0,0.0,27.29,514.14,642.19,1083.96
3,11,lamyvbeho7icxouosa,29-03-2023,20.0,0.0,0.0,29.0,31.0,32.0,0.0,26.0,328.16,0.0,341.87,388.99,1026.36
3,11,lamyvbehhcge56jgjsd,29-03-2023,0.0,2.0,0.0,0.0,2.0,22.0,0.0,10.0,0.0,0.0,0.0,0.0,1716.79
3,11,lamyvbehoi1ywavh11e,29-03-2023,0.0,0.0,23.0,0.0,48.0,37.0,30.0,0.0,239.1,0.0,0.0,0.0,1235.78
3,11,lamyvbeh9xams9dvc4p,29-03-2023,17.0,0.0,0.0,0.0,16.0,0.0,0.0,0.0,256.37,89.74,237.19,0.0,1372.78
3,11,lamyvbehbrsxqgytwlm,30-03-2023,0.0,42.0,0.0,7.0,0.0,48.0,0.0,23.0,174.15,39.93,0.0,0.0,1128.51
3,11,lamyvbeh7i6ui0yds7m,30-03-2023,8.0,21.0,0.0,16.0,0.0,20.0,43.0,0.0,0.0,0.0,249.93,0.0,1158.55
3,11,lamyvbehs0dr866m5kc,30-03-2023,0.0,0.0,0.0,0.0,0.0,0.0,14.0,0.0,0.0,9.72,0.0,335.65,1618.61
3,11,lamyvbehhrxql0539hj,30-03-2023,0.0,0.0,0.0,22.0,0.0,0.0,0.0,28.0,490.51,0.0,0.0,0.0,1734.53
3,11,lamyvbehnmg36fwzovo,30-03-2023,0.0,0.0,6.0,16.0,0.0,28.0,0.0,34.0,248.71,7.26,0.0,0.0,1193.01
3,11,lamyvbeh2um2vdbr813,30-03-2023,0.0,48.0,22.0,21.0,23.0,33.0,13.0,4.0,0.0,20.46,151.87,0.0,1748.19
3,11,lamyvbehkulplv324v,30-03-2023,0.0,34.0,22.0,35.0,0.0,0.0,34.0,0.0,45.94,405.02,0.0,0.0,1270.27
3,11,lamyvbeh9npf8q4vagj,30-03-2023,0.0,0.0,0.0,42.0,44.0,0.0,23.0,17.0,127.81,4.58,0.0,0.0,1522.19
3,11,lamyvbeh22mpr0nu1qe,30-03-2023,0.0,49.0,0.0,46.0,0.0,43.0,1.0,0.0,0.0,14.63,0.0,55.7,1291.13
3,11,lamyvbehkzs4rux47ue,30-03-2023,0.0,0.0,44.0,38.0,0.0,17.0,18.0,0.0,14.53,0.0,311.05,131.9,1822.61
4,12,lamyvbesx5fyen9wb2,05-04-2023,0.0,17.0,0.0,0.0,11.0,49.0,0.0,9.0,46.4,0.0,0.0,0.0,1636.03
4,12,lamyvbesfrscjcn5zkt,06-04-2023,37.0,19.0,0.0,24.0,30.0,28.0,0.0,0.0,0.0,0.0,0.0,0.0,1862.14
4,12,lamyvbes78lp0b7z7uu,06-04-2023,0.0,0.0,0.0,46.0,18.0,0.0,2.0,0.0,720.11,20.77,328.1,516.85,1618.83
4,12,lamyvbeslxa87lsyl5j,06-04-2023,41.0,41.0,15.0,0.0,43.0,0.0,24.0,6.0,0.0,3.86,252.64,396.98,1755.23
4,12,lamyvbesntc2w81jpge,06-04-2023,29.0,40.0,0.0,4.0,33.0,21.0,34.0,0.0,0.0,168.91,632.42,0.0,1550.08
4,12,lamyvbes34uhqr773l5,06-04-2023,0.0,0.0,24.0,42.0,0.0,0.0,15.0,9.0,27.53,332.39,743.46,0.0,1559.94
4,12,lamyvbesremad1fvdkt,06-04-2023,14.0,0.0,0.0,11.0,49.0,15.0,32.0,0.0,46.41,740.83,73.26,0.0,1495.22
4,13,lamyvbf3kh5xvjfsys9,12-04-2023,32.0,49.0,15.0,12.0,28.0,0.0,0.0,0.0,474.63,1012.84,612.44,0.0,1995.73
4,13,lamyvbf35sdbyp7inwl,12-04-2023,0.0,0.0,0.0,28.0,18.0,0.0,31.0,0.0,5.37,747.17,593.84,0.0,1700.2
4,13,lamyvbf3exr7nfn002i,12-04-2023,23.0,0.0,27.0,41.0,19.0,2.0,0.0,40.0,36.36,44.98,980.3,1060.37,1316.42
4,13,lamyvbf30fzt5i8o2m5o,12-04-2023,0.0,22.0,0.0,0.0,46.0,0.0,13.0,29.0,492.76,330.15,0.0,780.36,1593.59
4,13,lamyvbf3x2ezz62xi8,12-04-2023,47.0,0.0,0.0,0.0,45.0,0.0,0.0,0.0,890.55,929.02,0.0,725.58,2062.1
4,13,lamyvbf3x7e5mughw7l,12-04-2023,48.0,22.0,2.0,0.0,46.0,43.0,0.0,0.0,0.0,0.0,726.63,984.71,1732.53
4,13,lamyvbf3wh21fwt9358,13-04-2023,0.0,0.0,20.0,26.0,40.0,41.0,0.0,0.0,775.96,1011.59,792.53,617.0,1297.21
4,13,lamyvbf35qyemmnhxcc,13-04-2023,46.0,23.0,42.0,0.0,0.0,0.0,47.0,0.0,418.82,10.86,0.0,0.0,1420.66
4,13,lamyvbf3i0v28rejgnk,13-04-2023,0.0,31.0,0.0,16.0,14.0,14.0,0.0,0.0,41.05,0.0,863.2,0.0,2003.31
4,13,lamyvbf3k9myd9693l,13-04-2023,46.0,45.0,0.0,8.0,0.0,0.0,20.0,0.0,394.92,0.0,0.0,345.07,1877.82
4,13,lamyvbf315jz1m2ytfu,13-04-2023,0.0,30.0,0.0,0.0,0.0,12.0,0.0,0.0,419.43,0.0,811.31,0.0,1506.49
4,13,lamyvbf3cv6qoa54pi,13-04-2023,0.0,22.0,0.0,23.0,46.0,2.0,40.0,0.0,0.0,0.0,0.0,0.0,1784.05
4,13,lamyvbf3fm40y6pstqu,13-04-2023,36.0,12.0,48.0,0.0,0.0,30.0,0.0,24.0,1.44,937.76,694.08,0.0,1434.97
4,13,lamyvbf36vx24iu7lkd,13-04-2023,0.0,0.0,0.0,20.0,0.0,0.0,0.0,3.0,597.18,1065.43,610.39,0.0,1779.88
4,13,lamyvbf3go53ypwx7kt,13-04-2023,26.0,17.0,14.0,0.0,0.0,9.0,0.0,31.0,352.08,0.0,906.63,0.0,1741.38
4,13,lamyvbf38f5qf3z9u45,13-04-2023,8.0,11.0,0.0,0.0,20.0,0.0,0.0,34.0,36.23,573.01,0.0,349.09,1824.13
4,13,lamyvbf3od2sv91io1a,13-04-2023,0.0,22.0,0.0,24.0,0.0,0.0,0.0,5.0,0.0,1068.67,0.0,0.0,1377.06
4,13,lamyvbf36osvzpi2o0p,13-04-2023,47.0,0.0,0.0,33.0,29.0,24.0,0.0,23.0,609.5,27.2,0.0,0.0,1336.79
4,14,lamyvbfezad4haosots,19-04-2023,34.0,0.0,0.0,0.0,0.0,15.0,0.0,45.0,0.0,505.17,721.94,32.84,1973.03
4,14,lamyvbferuf0p9j2mm,19-04-2023,45.0,42.0,0.0,0.0,0.0,44.0,41.0,11.0,25.34,0.0,689.98,568.06,1973.81
4,14,lamyvbfej1r35mk2h2,19-04-2023,0.0,27.0,17.0,5.0,9.0,29.0,0.0,0.0,40.76,36.67,0.0,437.17,1512.36
4,14,lamyvbfejx7hxrr9oxg,19-04-2023,0.0,0.0,0.0,0.0,0.0,6.0,48.0,0.0,625.01,204.79,161.43,288.2,1467.17
4,14,lamyvbfetrfbbv464qd,19-04-2023,0.0,0.0,0.0,0.0,0.0,48.0,28.0,5.0,415.79,432.49,106.52,166.14,1550.38
4,14,lamyvbfeye7i6xnb3b,19-04-2023,22.0,24.0,5.0,15.0,15.0,39.0,9.0,0.0,0.0,405.57,0.0,0.0,1548.0
4,14,lamyvbfe54o0i9ezpwt,19-04-2023,0.0,11.0,24.0,27.0,42.0,0.0,41.0,0.0,0.0,0.0,288.8,175.55,1642.85
4,14,lamyvbfeqw0mnveq6k,19-04-2023,17.0,0.0,0.0,42.0,0.0,0.0,0.0,0.0,35.25,381.13,625.3,0.0,1733.74
4,14,lamyvbfee5lx5ixa125,20-04-2023,3.0,24.0,10.0,0.0,38.0,39.0,0.0,0.0,0.0,0.0,425.51,604.76,1474.12
4,14,lamyvbfftbpsdo6sofg,20-04-2023,0.0,0.0,0.0,15.0,0.0,0.0,6.0,0.0,629.88,552.11,0.0,417.93,1732.07
4,14,lamyvbfewh32z2c5b3r,20-04-2023,0.0,24.0,20.0,0.0,42.0,9.0,0.0,12.0,40.29,27.15,0.0,0.0,1864.62
4,14,lamyvbfeimmbac01sko,20-04-2023,18.0,41.0,39.0,0.0,34.0,0.0,44.0,43.0,16.62,0.0,414.65,249.06,1913.87
4,14,lamyvbfe8v2zgoe7tc,20-04-2023,0.0,32.0,0.0,0.0,0.0,0.0,0.0,23.0,0.0,47.97,0.0,659.55,2132.91
4,14,lamyvbfexj3n262jvz,20-04-2023,0.0,41.0,0.0,0.0,0.0,0.0,41.0,15.0,599.09,0.0,225.25,732.94,2132.02
4,14,lamyvbfeyw7olr4so8,20-04-2023,0.0,7.0,6.0,0.0,1.0,0.0,24.0,12.0,763.68,0.0,0.0,314.56,2139.99
4,14,lamyvbfevk8zhlaj0i,20-04-2023,0.0,0.0,41.0,7.0,0.0,0.0,30.0,0.0,228.39,0.0,0.0,0.0,1494.35
4,14,lamyvbfed4r4wqvwre5,20-04-2023,32.0,46.0,0.0,28.0,0.0,0.0,0.0,0.0,28.32,397.09,291.19,379.26,1876.69
4,14,lamyvbffrvyy209f0zo,20-04-2023,0.0,43.0,0.0,36.0,37.0,8.0,14.0,12.0,11.87,487.78,0.0,771.04,1914.02
4,15,lamyvbfrbca7igx5xn,26-04-2023,24.0,24.0,18.0,0.0,1.0,0.0,37.0,0.0,0.0,341.2,109.75,0.0,1975.11
4,15,lamyvbfr042c3o1svws7,26-04-2023,33.0,49.0,0.0,13.0,11.0,24.0,0.0,0.0,460.7,47.14,8.23,0.0,1948.77
4,15,lamyvbfrhlxnqlltoqm,26-04-2023,0.0,0.0,0.0,0.0,30.0,49.0,0.0,45.0,0.0,0.0,0.0,0.0,1511.62
4,15,lamyvbfr9rb2fedared,26-04-2023,0.0,0.0,7.0,40.0,0.0,1.0,19.0,0.0,0.0,275.47,0.0,129.13,2163.48
4,15,lamyvbfrkyoy57dlcj,26-04-2023,0.0,0.0,15.0,27.0,45.0,44.0,44.0,0.0,393.28,27.35,0.0,19.57,1694.99
4,15,lamyvbfr6tv0aiaap7d,26-04-2023,10.0,47.0,0.0,0.0,26.0,0.0,11.0,0.0,0.0,146.47,0.0,0.0,1877.57
4,15,lamyvbfrey2vo4rmg0v,27-04-2023,0.0,0.0,0.0,0.0,0.0,10.0,0.0,0.0,303.23,0.0,0.0,0.0,1885.04
4,15,lamyvbfr979vfmrgwta,27-04-2023,0.0,30.0,48.0,0.0,0.0,0.0,0.0,38.0,0.0,6.22,0.0,307.52,1905.39
4,15,lamyvbfrw8a7jcjb8zp,27-04-2023,27.0,0.0,11.0,4.0,0.0,24.0,0.0,14.0,0.0,10.32,0.0,0.0,1508.75
4,15,lamyvbfrp6e8kwwznr,27-04-2023,4.0,41.0,45.0,14.0,0.0,35.0,49.0,49.0,0.0,409.25,0.0,0.0,1966.74
4,15,lamyvbfrr9cn3rkpvff,27-04-2023,43.0,8.0,39.0,0.0,0.0,0.0,38.0,0.0,45.77,32.13,0.0,0.0,1834.43
4,15,lamyvbfrzpbirl0iiq,27-04-2023,0.0,28.0,17.0,0.0,0.0,42.0,0.0,36.0,49.71,0.0,209.2,104.87,2174.7
4,15,lamyvbfrst5zc51vql,27-04-2023,43.0,0.0,0.0,0.0,0.0,0.0,17.0,12.0,405.55,372.67,0.0,0.0,1601.38
4,15,lamyvbfrocpgb6pae2q,27-04-2023,6.0,19.0,0.0,30.0,0.0,27.0,0.0,0.0,42.86,0.0,0.0,150.33,2162.57
4,15,lamyvbfrqz9h3os05wr,27-04-2023,0.0,38.0,0.0,24.0,33.0,40.0,0.0,48.0,5.21,0.0,0.0,0.0,2026.64
4,15,lamyvbfrsoaucbuxkhs,27-04-2023,0.0,0.0,0.0,43.0,11.0,18.0,41.0,0.0,460.86,0.0,0.0,466.73,1840.64
4,15,lamyvbfrqgct88t2n88,27-04-2023,38.0,0.0,37.0,0.0,0.0,37.0,0.0,0.0,0.0,21.52,0.0,0.0,2159.62
4,15,lamyvbfrsk0mi5ehi4,27-04-2023,21.0,30.0,3.0,0.0,0.0,0.0,0.0,7.0,159.92,1.06,0.0,145.1,1559.61
4,15,lamyvbfrxzss9pqkscs,27-04-2023,0.0,25.0,2.0,33.0,0.0,0.0,0.0,31.0,0.0,0.0,426.62,0.0,1544.77
4,15,lamyvbfrvql4d33kp3m,27-04-2023,25.0,0.0,0.0,32.0,0.0,0.0,0.0,0.0,35.23,163.89,0.0,0.0,2241.59
4,15,lamyvbfrbgki7b21sum,27-04-2023,0.0,18.0,0.0,0.0,0.0,3.0,0.0,0.0,468.04,0.0,381.99,0.0,1676.13
4,15,lamyvbfriv5ju3ovxlm,27-04-2023,4.0,0.0,0.0,20.0,0.0,0.0,0.0,39.0,0.0,37.93,0.0,29.12,1602.99
4,15,lamyvbfr98h5vbkkcpv,27-04-2023,0.0,11.0,0.0,14.0,31.0,25.0,0.0,23.0,0.0,157.95,0.0,0.0,1856.98
5,16,lamyvbg27z60eoy97vv,03-05-2023,42.0,6.0,46.0,0.0,0.0,28.0,0.0,9.0,0.0,0.0,74.7,0.0,2022.54
5,16,lamyvbg24pysf1mz94f,03-05-2023,0.0,0.0,0.0,26.0,0.0,0.0,13.0,0.0,18.27,557.69,25.43,384.29,1898.06
5,16,lamyvbg2ik6o4g12hh,03-05-2023,49.0,4.0,0.0,0.0,0.0,37.0,0.0,6.0,152.88,269.38,0.0,754.66,1728.03
5,16,lamyvbg2jg5qu29g03,03-05-2023,0.0,0.0,9.0,49.0,33.0,13.0,0.0,7.0,638.0,0.0,257.5,0.0,2128.82
5,16,lamyvbg2tde5dbegcva,03-05-2023,0.0,0.0,0.0,0.0,0.0,0.0,0.0,38.0,0.0,497.62,0.0,7.82,1581.75
5,16,lamyvbg2vbg033hxfl,03-05-2023,0.0,48.0,27.0,47.0,30.0,0.0,16.0,0.0,345.43,86.69,642.99,188.06,2238.41
5,16,lamyvbg2wcvrekhdb2,04-05-2023,0.0,0.0,1.0,12.0,6.0,0.0,46.0,14.0,26.44,0.0,485.84,638.94,1672.33
5,16,lamyvbg2jonw08apjek,04-05-2023,27.0,0.0,0.0,0.0,0.0,0.0,0.0,0.0,26.89,40.43,234.65,181.91,2007.0
5,16,lamyvbg22lwq75t52pc,04-05-2023,0.0,49.0,34.0,8.0,41.0,29.0,0.0,40.0,367.38,557.41,526.17,0.0,2287.61
5,17,lamyvbgexnkwouts4u,10-05-2023,14.0,0.0,3.0,0.0,0.0,0.0,35.0,22.0,0.0,609.21,0.0,0.0,1591.18
5,17,lamyvbgedkwxtsl4u6b,10-05-2023,0.0,31.0,0.0,0.0,0.0,0.0,0.0,0.0,665.31,614.36,984.51,567.03,1947.89
5,17,lamyvbge03jr1mi7kbch,10-05-2023,44.0,19.0,4.0,4.0,8.0,20.0,0.0,0.0,34.2,957.29,0.0,586.87,1713.39
5,17,lamyvbge1u9fzg2f3sc,10-05-2023,0.0,26.0,42.0,0.0,46.0,0.0,0.0,0.0,438.04,675.02,0.0,755.58,1655.31
5,17,lamyvbgev0p99kl6s7,10-05-2023,0.0,46.0,49.0,37.0,15.0,2.0,0.0,19.0,0.0,937.02,0.0,0.0,2096.8
5,17,lamyvbge8w32fo58r6h,10-05-2023,0.0,0.0,26.0,34.0,5.0,0.0,7.0,0.0,925.44,0.0,588.84,897.87,2085.65
5,17,lamyvbgevijimbf9im,10-05-2023,17.0,0.0,0.0,15.0,0.0,0.0,0.0,0.0,446.16,455.27,0.0,1081.65,1767.33
5,17,lamyvbgeb903q5reocr,10-05-2023,25.0,3.0,32.0,36.0,12.0,28.0,0.0,0.0,517.18,969.37,0.0,0.0,2320.68
5,17,lamyvbge99zdizmmon,10-05-2023,44.0,0.0,24.0,35.0,0.0,19.0,0.0,43.0,0.0,944.33,0.0,962.48,1909.19
5,17,lamyvbgehbd9ztpx5yd,11-05-2023,1.0,33.0,0.0,16.0,40.0,11.0,0.0,0.0,0.0,739.36,602.96,0.0,1817.65
5,17,lamyvbgeec62nrw16t9,11-05-2023,48.0,18.0,48.0,46.0,33.0,0.0,29.0,0.0,5.62,47.47,425.89,595.82,2112.62
5,17,lamyvbge37lpy47rfz2,11-05-2023,31.0,0.0,22.0,0.0,0.0,0.0,34.0,45.0,21.46,965.53,732.89,421.61,1569.96
5,17,lamyvbgempjmrgnrgs9,11-05-2023,0.0,0.0,0.0,0.0,0.0,0.0,42.0,0.0,748.52,0.0,1065.71,0.0,2078.78
5,17,lamyvbge8ysxcq34189,11-05-2023,0.0,22.0,3.0,0.0,0.0,0.0,0.0,9.0,13.93,1050.06,432.65,0.0,2080.92
5,17,lamyvbgexju6mt640r8,11-05-2023,31.0,29.0,0.0,5.0,11.0,0.0,47.0,0.0,0.0,403.98,0.0,0.0,2017.27
5,17,lamyvbgeyscz2efns4b,11-05-2023,0.0,0.0,48.0,45.0,16.0,0.0,0.0,9.0,475.88,398.64,890.29,0.0,1997.23
5,17,lamyvbgeqxd022cawzb,11-05-2023,38.0,19.0,12.0,5.0,21.0,0.0,0.0,0.0,28.65,0.0,0.0,810.65,1981.08
5,17,lamyvbge2grjqtbcsnn,11-05-2023,12.0,38.0,40.0,5.0,0.0,0.0,42.0,0.0,1073.63,914.38,744.47,887.49,1740.93
5,17,lamyvbge3nkbigqntij,11-05-2023,0.0,45.0,20.0,0.0,0.0,22.0,15.0,11.0,958.48,42.79,708.06,0.0,1872.62
5,17,lamyvbgeqodzhb9etrc,11-05-2023,8.0,47.0,6.0,0.0,27.0,0.0,0.0,8.0,3.81,1007.82,0.0,0.0,1660.82
5,17,lamyvbge3ivh8fjtmr5,11-05-2023,0.0,16.0,0.0,38.0,0.0,32.0,37.0,0.0,900.27,26.66,0.0,0.0,2268.25
5,17,lamyvbgekrwr0a0j8u,11-05-2023,0.0,35.0,0.0,0.0,0.0,31.0,32.0,0.0,10.78,0.0,359.42,710.19,1873.07
5,17,lamyvbgeyijl0zvd7mr,11-05-2023,15.0,43.0,0.0,0.0,0.0,0.0,0.0,13.0,0.0,0.0,871.32,530.06,2316.25
5,17,lamyvbgejmn0dbl71sr,11-05-2023,0.0,0.0,24.0,35.0,0.0,0.0,6.0,0.0,0.0,494.19,850.69,830.39,2251.22
5,17,lamyvbgeaeb2qvecvcu,11-05-2023,15.0,0.0,0.0,44.0,41.0,0.0,48.0,0.0,44.72,996.52,578.08,0.0,1991.01
5,17,lamyvbge9oiinr5h0st,11-05-2023,0.0,0.0,21.0,24.0,0.0,0.0,25.0,43.0,738.83,843.92,0.0,918.73,2176.49
5,17,lamyvbged1w4jhy5pt7,11-05-2023,0.0,9.0,0.0,0.0,36.0,4.0,49.0,0.0,777.38,974.39,634.2,0.0,1552.8
5,18,lamyvbgqlpyw870krj,17-05-2023,0.0,0.0,18.0,17.0,33.0,27.0,44.0,9.0,421.5,36.26,0.0,523.91,2124.8
5,18,lamyvbgqrgx4w0m2dfa,17-05-2023,0.0,10.0,14.0,31.0,0.0,0.0,13.0,26.0,245.11,236.92,529.2,0.0,1950.21
5,18,lamyvbgry0nkibt18f,17-05-2023,0.0,20.0,0.0,0.0,48.0,0.0,0.0,38.0,700.8,193.45,0.0,316.91,1551.0
5,18,lamyvbgqfqtgr8ez6ws,18-05-2023,38.0,0.0,0.0,32.0,0.0,0.0,0.0,0.0,596.12,44.94,0.0,288.29,2091.01
5,18,lamyvbgqxnma62txqh,18-05-2023,0.0,25.0,0.0,46.0,6.0,0.0,0.0,0.0,0.0,0.0,54.27,728.37,2019.43
5,19,lamyvbh1zplb5ctlrr7,24-05-2023,29.0,0.0,3.0,0.0,0.0,0.0,0.0,0.0,0.0,0.0,0.0,0.0,1862.26
5,19,lamyvbh1vsgney2j80a,24-05-2023,0.0,11.0,0.0,0.0,23.0,0.0,36.0,8.0,0.0,0.0,212.95,308.98,1792.29
5,19,lamyvbh1bp02fadw9x,24-05-2023,0.0,0.0,0.0,0.0,33.0,0.0,30.0,11.0,15.37,27.56,0.0,0.0,2184.93
5,19,lamyvbh1blunpm40t7m,24-05-2023,38.0,0.0,16.0,0.0,5.0,6.0,19.0,0.0,14.41,37.07,424.14,47.64,1522.43
5,19,lamyvbh1mqy79eyq9am,24-05-2023,0.0,0.0,0.0,0.0,22.0,0.0,0.0,0.0,35.11,10.58,197.56,0.0,1691.55
5,19,lamyvbh1ft3t6jlwlro,24-05-2023,0.0,12.0,0.0,0.0,47.0,0.0,0.0,32.0,39.83,0.0,92.43,0.0,2042.19
5,19,lamyvbh1jca95ey249r,24-05-2023,0.0,0.0,38.0,2.0,1.0,0.0,0.0,32.0,0.0,318.59,69.15,0.0,1501.22
5,19,lamyvbh1kq4mq6dh55f,24-05-2023,0.0,0.0,1.0,15.0,28.0,29.0,48.0,0.0,0.0,0.0,177.64,0.0,2123.35
5,19,lamyvbh11nd2srmr0dsi,24-05-2023,33.0,19.0,35.0,19.0,34.0,10.0,0.0,5.0,158.67,38.12,418.2,0.0,1886.44
5,19,lamyvbh1hx1jpzhilot,25-05-2023,38.0,31.0,39.0,0.0,39.0,9.0,1.0,25.0,9.9,0.0,180.25,0.0,1708.8
5,19,lamyvbh1qk99mn6u7p,25-05-2023,25.0,0.0,0.0,0.0,0.0,28.0,0.0,0.0,0.0,0.0,0.0,0.0,2097.59
5,19,lamyvbh1i6ik3adpjf,25-05-2023,19.0,26.0,23.0,0.0,0.0,3.0,6.0,0.0,0.0,0.0,0.0,0.0,1651.95
5,19,lamyvbh1s9fcno0an3h,25-05-2023,0.0,0.0,34.0,0.0,44.0,41.0,4.0,0.0,159.39,0.0,177.72,0.0,2042.48
5,19,lamyvbh1pg14xspii0p,25-05-2023,0.0,0.0,0.0,0.0,0.0,47.0,25.0,35.0,21.37,0.0,114.52,0.0,1994.48
5,19,lamyvbh1r5bs1pfz67,25-05-2023,28.0,35.0,0.0,15.0,0.0,10.0,0.0,12.0,0.0,0.0,0.0,283.13,2132.08
5,19,lamyvbh1erdvngpyznl,25-05-2023,0.0,11.0,30.0,0.0,43.0,0.0,3.0,0.0,0.0,0.0,345.78,0.0,1883.08
5,19,lamyvbh10dq6xssu82y,25-05-2023,48.0,4.0,0.0,27.0,46.0,42.0,0.0,27.0,22.16,110.32,0.0,155.01,1533.62
5,19,lamyvbh1jjkl00qphi,25-05-2023,0.0,0.0,0.0,48.0,0.0,41.0,0.0,0.0,474.81,0.0,224.83,342.85,1842.47
5,19,lamyvbh18nv847r32xe,25-05-2023,46.0,40.0,0.0,0.0,0.0,0.0,0.0,0.0,273.12,0.0,242.81,0.0,2283.62
5,19,lamyvbh1ax7rts9s9ca,25-05-2023,0.0,22.0,0.0,33.0,18.0,0.0,46.0,39.0,147.95,23.87,0.0,159.87,1632.22
5,19,lamyvbh1uiuhtp5wzmt,25-05-2023,0.0,0.0,29.0,41.0,45.0,0.0,9.0,0.0,0.0,0.0,0.0,0.0,1989.54
5,19,lamyvbh1j6eghzemabe,25-05-2023,12.0,0.0,0.0,1.0,0.0,29.0,16.0,0.0,22.04,0.0,0.0,0.0,1604.72
5,19,lamyvbh1l1rnc754wf,25-05-2023,0.0,21.0,0.0,0.0,13.0,6.0,0.0,45.0,0.0,6.98,249.45,233.32,1618.43
5,19,lamyvbh1bvjzocnmazi,25-05-2023,10.0,46.0,0.0,27.0,13.0,0.0,1.0,22.0,0.0,0.0,344.87,414.43,1815.11
5,19,lamyvbh1k5rus4xfs1,25-05-2023,0.0,14.0,0.0,27.0,39.0,0.0,0.0,0.0,39.35,0.0,0.0,0.0,1517.54
5,20,lamyvbhdhlbzt67fr07,31-05-2023,0.0,9.0,12.0,0.0,21.0,0.0,0.0,0.0,74.34,753.84,381.11,178.27,1561.92
5,20,lamyvbhdmcs6hi6ao9,31-05-2023,42.0,0.0,0.0,0.0,48.0,0.0,41.0,17.0,0.0,161.25,0.0,0.0,1884.31
5,20,lamyvbhdva67kn8xfxh,31-05-2023,0.0,23.0,0.0,0.0,8.0,10.0,0.0,0.0,249.51,38.27,0.0,0.0,2180.41
5,20,lamyvbhdmqx3eb1rsb,31-05-2023,26.0,20.0,3.0,0.0,15.0,0.0,24.0,0.0,11.22,27.17,0.0,322.02,1749.17
5,20,lamyvbhdbfbyu8c3sj8,31-05-2023,0.0,0.0,21.0,16.0,0.0,44.0,0.0,28.0,27.75,0.0,0.0,0.0,1494.29
6,20,lamyvbhdv1x0pqmfhq,01-06-2023,0.0,0.0,19.0,37.0,0.0,40.0,35.0,44.0,43.58,0.0,0.0,694.54,2081.99
6,20,lamyvbhdmq8dja32j3s,01-06-2023,38.0,21.0,36.0,0.0,37.0,0.0,0.0,15.0,27.31,576.37,768.47,0.0,1855.33
6,20,lamyvbhder2w0k67bcl,01-06-2023,25.0,0.0,15.0,40.0,0.0,0.0,0.0,0.0,0.77,0.0,230.77,0.0,1777.11
6,20,lamyvbhdguihr26vebt,01-06-2023,34.0,0.0,0.0,0.0,0.0,0.0,0.0,0.0,0.0,174.59,0.0,573.26,2168.25
6,20,lamyvbhdvnrg4rwltw,01-06-2023,39.0,0.0,0.0,0.0,0.0,0.0,21.0,9.0,590.52,2.34,149.95,34.3,1590.27
6,21,lamyvbhn2tg1hvhwgx6,07-06-2023,46.0,0.0,35.0,19.0,5.0,0.0,0.0,11.0,44.98,1092.1,610.82,682.3,1979.17
6,21,lamyvbhnlsq0kyf04j,07-06-2023,0.0,0.0,48.0,11.0,36.0,0.0,21.0,29.0,657.72,941.56,428.61,0.0,1553.53
6,21,lamyvbhnetpef1znrur,07-06-2023,0.0,0.0,40.0,48.0,45.0,0.0,0.0,5.0,27.08,885.37,0.0,392.74,1684.86
6,21,lamyvbhn55ptmhzfib,07-06-2023,0.0,0.0,38.0,0.0,23.0,0.0,0.0,0.0,13.95,0.0,601.09,0.0,1597.81
6,21,lamyvbhnko4kl4i3n4q,07-06-2023,33.0,44.0,0.0,0.0,47.0,0.0,0.0,27.0,35.65,916.54,0.0,1054.4,2114.93
6,21,lamyvbhn1hishmgqcfx,07-06-2023,0.0,38.0,35.0,0.0,2.0,0.0,0.0,41.0,3.53,36.9,839.42,0.0,1757.1
6,21,lamyvbhnwfwt059uahi,07-06-2023,19.0,8.0,0.0,0.0,0.0,20.0,11.0,34.0,8.28,747.81,0.0,763.75,1868.96
6,21,lamyvbhn1kjal0kdn3b,07-06-2023,0.0,31.0,43.0,0.0,5.0,0.0,26.0,19.0,867.77,365.49,333.39,0.0,1630.47
6,21,lamyvbhnfoenq118dsu,07-06-2023,28.0,16.0,43.0,0.0,4.0,8.0,0.0,0.0,977.44,0.0,0.0,786.35,1449.93
6,21,lamyvbhn9rqkbh3j4bt,07-06-2023,24.0,0.0,39.0,0.0,49.0,36.0,46.0,0.0,20.39,1088.85,0.0,1071.9,1354.24
6,21,lamyvbhn4h1pxxmmmiw,07-06-2023,11.0,1.0,0.0,38.0,0.0,36.0,0.0,0.0,329.6,0.0,345.81,410.96,1467.61
6,21,lamyvbhne2w2npevhb,08-06-2023,31.0,23.0,0.0,0.0,0.0,0.0,20.0,0.0,0.0,11.87,0.0,805.52,1358.47
6,21,lamyvbhnfry3s9p0gvt,08-06-2023,46.0,28.0,9.0,7.0,13.0,5.0,0.0,0.0,38.15,46.5,0.0,1027.66,2023.28
6,21,lamyvbhn42aqyftashi,08-06-2023,0.0,0.0,40.0,0.0,0.0,0.0,0.0,0.0,907.1,9.78,646.32,1056.83,1816.49
6,21,lamyvbhnghocsvxvhto,08-06-2023,22.0,0.0,0.0,0.0,41.0,45.0,16.0,0.0,449.75,14.29,0.0,360.97,2040.53
6,21,lamyvbhn1qc9vqqu7fm,08-06-2023,25.0,0.0,49.0,35.0,5.0,0.0,19.0,0.0,21.47,11.94,926.5,0.0,1809.65
6,21,lamyvbhnn3lepgzh67,08-06-2023,22.0,13.0,0.0,30.0,13.0,38.0,0.0,4.0,5.57,45.57,455.92,0.0,2038.82
6,21,lamyvbhnlvu0lohck,08-06-2023,23.0,16.0,0.0,3.0,18.0,0.0,0.0,0.0,957.13,45.66,555.36,0.0,1860.14
6,21,lamyvbhnrgr2lgvc0d,08-06-2023,0.0,0.0,0.0,0.0,0.0,41.0,30.0,0.0,869.21,444.97,0.0,918.4,1829.02
6,21,lamyvbhnd3g97cs9kc,08-06-2023,1.0,0.0,32.0,0.0,7.0,22.0,35.0,17.0,439.82,934.71,0.0,360.44,1507.16
6,21,lamyvbhn439qqkk94fw,08-06-2023,0.0,19.0,0.0,0.0,48.0,11.0,42.0,0.0,806.53,0.0,0.0,0.0,1518.05
6,21,lamyvbhnr9mkjbwattr,08-06-2023,0.0,26.0,4.0,19.0,0.0,28.0,0.0,45.0,554.58,44.9,0.0,1057.52,2020.78
6,21,lamyvbhn0rnx0jsmnrrh,08-06-2023,39.0,22.0,22.0,0.0,35.0,0.0,26.0,0.0,0.0,0.0,1047.3,0.0,1489.63
6,22,lamyvbhxbwnrptnzsi7,14-06-2023,0.0,15.0,0.0,6.0,0.0,0.0,0.0,0.0,0.0,530.42,314.13,0.0,1591.59
6,22,lamyvbhxooz6hmwngu,14-06-2023,42.0,0.0,0.0,0.0,12.0,0.0,0.0,7.0,32.05,294.04,0.0,504.28,1688.05
6,22,lamyvbhyd4076sanffi,14-06-2023,39.0,25.0,0.0,0.0,0.0,46.0,0.0,0.0,0.0,468.29,0.0,0.0,1253.69
6,22,lamyvbhx23hk5ipxarj,14-06-2023,0.0,0.0,0.0,0.0,0.0,0.0,0.0,18.0,0.0,0.0,326.34,0.0,1968.53
6,22,lamyvbhytjqcga50odf,14-06-2023,23.0,19.0,41.0,33.0,0.0,0.0,25.0,0.0,324.3,582.97,193.17,0.0,1783.79
6,22,lamyvbhymxecrn6mavg,14-06-2023,0.0,31.0,0.0,0.0,0.0,0.0,0.0,24.0,0.0,38.65,81.66,46.58,1615.16
6,22,lamyvbhx24uyebvu44o,14-06-2023,0.0,28.0,0.0,43.0,0.0,26.0,19.0,0.0,24.68,336.06,0.0,0.0,1756.61
6,22,lamyvbhyrulmnr3hqf,14-06-2023,0.0,0.0,28.0,0.0,19.0,15.0,0.0,9.0,689.12,454.62,542.57,607.07,1286.91
6,22,lamyvbhy94631ko3myr,14-06-2023,0.0,44.0,0.0,36.0,0.0,0.0,0.0,0.0,8.55,40.04,407.45,683.66,1510.27
6,22,lamyvbhyqipr4678vw,14-06-2023,0.0,39.0,44.0,24.0,49.0,12.0,0.0,0.0,142.59,56.42,0.0,0.0,1272.48
6,22,lamyvbhxow4ky6nxsck,14-06-2023,0.0,0.0,0.0,33.0,0.0,0.0,42.0,0.0,494.13,17.58,46.63,0.0,1617.14
6,22,lamyvbhy24a41ypy0p2h,15-06-2023,38.0,0.0,0.0,21.0,0.0,0.0,0.0,0.0,24.37,0.0,0.0,516.77,1310.84
6,22,lamyvbhypaa85ytp0ao,15-06-2023,26.0,0.0,0.0,41.0,0.0,0.0,0.0,0.0,384.54,309.12,711.99,0.0,1603.02
6,22,lamyvbhx2wj4rqa7r47,15-06-2023,17.0,20.0,0.0,25.0,45.0,0.0,41.0,19.0,42.54,0.0,722.96,320.12,1884.94
6,22,lamyvbhymmjzc7xxvdl,15-06-2023,0.0,20.0,0.0,11.0,4.0,0.0,18.0,38.0,0.0,493.09,692.78,599.74,1551.61
6,22,lamyvbhxzf9b1i2u1xm,15-06-2023,0.0,46.0,0.0,0.0,0.0,12.0,0.0,0.0,0.0,104.06,503.94,658.09,1651.07
6,22,lamyvbhxef6vu72xynj,15-06-2023,0.0,23.0,0.0,0.0,3.0,19.0,0.0,0.0,32.07,601.86,245.56,0.0,1928.35
6,22,lamyvbhx7agj15hesy,15-06-2023,0.0,0.0,0.0,18.0,6.0,48.0,0.0,0.0,107.07,640.14,146.61,200.97,1340.84
6,22,lamyvbhx2mlmtaaacyu,15-06-2023,0.0,0.0,0.0,0.0,0.0,9.0,44.0,8.0,31.54,602.33,100.9,0.0,1816.45
6,22,lamyvbhxscgd9pa97d,15-06-2023,0.0,2.0,0.0,0.0,22.0,0.0,0.0,21.0,33.38,0.0,0.0,0.0,1219.42
6,22,lamyvbhx438x259svg7,15-06-2023,42.0,0.0,45.0,11.0,0.0,0.0,0.0,39.0,0.0,0.0,0.0,0.0,1923.46
6,22,lamyvbhxceu48fecbba,15-06-2023,0.0,0.0,0.0,18.0,0.0,32.0,0.0,0.0,307.54,407.22,0.0,27.11,1904.49
6,22,lamyvbhxl2uklxd9cn,15-06-2023,0.0,0.0,22.0,0.0,31.0,21.0,30.0,0.0,0.0,369.09,60.57,0.0,1614.57
6,22,lamyvbhxzfh1f98ungm,15-06-2023,18.0,26.0,0.0,0.0,0.0,0.0,29.0,0.0,600.28,28.43,0.0,417.92,1211.79
6,22,lamyvbhyj6qzqpneppk,15-06-2023,0.0,0.0,28.0,0.0,19.0,0.0,0.0,0.0,0.0,0.0,0.0,0.0,1792.22
6,23,lamyvbi870vrq14csxm,21-06-2023,20.0,0.0,0.0,0.0,8.0,31.0,43.0,1.0,21.08,0.0,0.0,0.0,1618.92
6,23,lamyvbi8yx5oum4zoxl,21-06-2023,46.0,0.0,0.0,0.0,3.0,0.0,0.0,25.0,0.0,20.09,0.0,0.0,1437.95
6,23,lamyvbi825yei6lpo2a,21-06-2023,0.0,28.0,0.0,0.0,0.0,38.0,16.0,0.0,0.0,29.09,0.0,496.38,1747.47
6,23,lamyvbi8273xlnt991r,21-06-2023,22.0,42.0,41.0,0.0,0.0,48.0,0.0,0.0,37.51,0.0,417.53,0.0,1586.27
6,23,lamyvbi9ildxgzhbsje,21-06-2023,41.0,0.0,0.0,34.0,0.0,35.0,9.0,0.0,0.0,0.0,84.3,45.31,1670.36
6,23,lamyvbi9kt25cc3r2ls,21-06-2023,0.0,48.0,0.0,19.0,31.0,0.0,0.0,0.0,25.65,0.0,0.0,121.34,1738.82
6,23,lamyvbi838yr34r3rhx,22-06-2023,29.0,29.0,0.0,41.0,39.0,25.0,0.0,0.0,8.09,411.38,0.0,0.0,1335.32
6,23,lamyvbi8vkuv5fzg0e,22-06-2023,28.0,0.0,16.0,23.0,0.0,0.0,15.0,9.0,0.0,30.42,0.0,238.21,1697.22
6,23,lamyvbi81bkpgpipw3r,22-06-2023,21.0,9.0,22.0,0.0,0.0,14.0,6.0,0.0,190.52,374.31,0.0,0.0,1870.72
6,23,lamyvbi8g6kqfnfx4s,22-06-2023,0.0,23.0,4.0,0.0,44.0,0.0,0.0,0.0,0.0,0.0,0.0,0.0,1527.45
6,23,lamyvbi90m1vilvevqnn,22-06-2023,42.0,0.0,24.0,49.0,20.0,0.0,0.0,12.0,0.0,0.0,0.0,0.0,1691.81
6,23,lamyvbi97q7sog40l69,22-06-2023,44.0,19.0,8.0,46.0,46.0,0.0,3.0,7.0,424.75,32.5,0.0,0.0,1303.11
6,24,lamyvbiktvmeripzbfg,28-06-2023,41.0,0.0,0.0,0.0,0.0,28.0,4.0,38.0,13.39,514.33,0.0,200.03,1736.15
6,24,lamyvbikotn7ivkkbd,28-06-2023,0.0,0.0,0.0,38.0,0.0,0.0,0.0,0.0,20.95,0.0,173.96,0.0,1737.03
6,24,lamyvbikkkomy8lmgg,28-06-2023,29.0,46.0,34.0,0.0,0.0,0.0,15.0,0.0,787.58,306.72,584.77,0.0,1690.82
6,24,lamyvbikn8avmas0y4,28-06-2023,0.0,0.0,0.0,33.0,0.0,40.0,0.0,0.0,6.63,0.0,409.57,0.0,1010.2
6,24,lamyvbikwog6nmlca2h,28-06-2023,8.0,33.0,2.0,24.0,0.0,46.0,0.0,40.0,734.12,568.73,0.0,349.29,1405.93
6,24,lamyvbik3w6i1t71c1l,28-06-2023,0.0,0.0,0.0,0.0,0.0,15.0,30.0,31.0,659.28,563.66,646.85,331.94,986.44
6,24,lamyvbikm3ps3ti2m2i,28-06-2023,31.0,5.0,0.0,8.0,33.0,34.0,0.0,0.0,0.0,1.41,0.0,776.87,1703.35
6,24,lamyvbikkz965vrjh1h,28-06-2023,0.0,0.0,31.0,24.0,0.0,0.0,0.0,0.0,105.56,8.05,0.0,0.0,1398.11
6,24,lamyvbikgm3jhh7hywf,28-06-2023,0.0,16.0,12.0,18.0,0.0,48.0,0.0,0.0,27.85,0.0,0.0,0.0,1635.53
6,24,lamyvbik9jgknzuocta,28-06-2023,13.0,29.0,19.0,33.0,12.0,28.0,0.0,43.0,30.29,20.32,427.14,198.98,1064.19
6,24,lamyvbik2ykzgs5f9ih,28-06-2023,40.0,25.0,13.0,0.0,1.0,33.0,0.0,0.0,511.35,536.24,74.83,343.65,1735.82
6,24,lamyvbiktbwkzl8vu6a,29-06-2023,0.0,0.0,30.0,31.0,0.0,43.0,0.0,33.0,0.0,109.71,282.25,0.0,1318.05
6,24,lamyvbik5er25bjg2jn,29-06-2023,0.0,11.0,48.0,0.0,0.0,0.0,38.0,0.0,34.82,788.95,400.14,414.43,1734.03
6,24,lamyvbikm0n8uacrq6s,29-06-2023,0.0,40.0,23.0,19.0,0.0,0.0,18.0,0.0,0.0,0.0,0.0,0.0,1224.1
6,24,lamyvbikoypy6aqmnw,29-06-2023,2.0,0.0,0.0,35.0,1.0,0.0,45.0,40.0,0.0,12.07,0.0,0.0,1651.02
6,24,lamyvbikwyddcy1zvxm,29-06-2023,33.0,18.0,43.0,3.0,0.0,35.0,3.0,0.0,6.02,45.23,39.68,407.82,1629.35
6,24,lamyvbiknyzsoad8i88,29-06-2023,0.0,0.0,0.0,43.0,28.0,2.0,0.0,0.0,47.35,0.0,0.0,528.44,1184.92
6,24,lamyvbik3894sjp33yc,29-06-2023,0.0,40.0,26.0,10.0,19.0,0.0,0.0,4.0,0.0,39.88,0.0,694.26,1121.03
6,24,lamyvbikj71p6yjucue,29-06-2023,0.0,0.0,18.0,0.0,19.0,3.0,17.0,3.0,9.83,390.95,0.0,529.69,1511.51
6,24,lamyvbikot3l4rwt7hc,29-06-2023,0.0,17.0,0.0,0.0,39.0,30.0,33.0,16.0,475.24,679.53,0.0,419.68,1332.08
6,24,lamyvbikn3bieonjbge,29-06-2023,0.0,0.0,0.0,12.0,48.0,25.0,0.0,44.0,130.51,411.13,0.0,705.34,1728.91
6,24,lamyvbikbgmarrwu8z4,29-06-2023,0.0,0.0,37.0,49.0,0.0,0.0,0.0,0.0,148.08,343.9,0.0,417.72,1054.83
6,24,lamyvbik3rpddql0x83,29-06-2023,0.0,0.0,35.0,0.0,27.0,0.0,0.0,0.0,390.04,422.58,0.0,506.18,1306.28
6,24,lamyvbikul5867b31bm,29-06-2023,21.0,34.0,0.0,0.0,8.0,38.0,17.0,0.0,0.0,285.5,254.38,352.8,1213.73
6,24,lamyvbiksp3bw5bfirp,29-06-2023,0.0,0.0,0.0,0.0,28.0,16.0,43.0,0.0,302.7,0.0,787.57,716.97,1197.16
6,24,lamyvbik9nakhpifvge,29-06-2023,0.0,26.0,0.0,0.0,25.0,42.0,14.0,3.0,175.55,0.0,660.77,76.73,1129.13
6,24,lamyvbike2kqptzl44,29-06-2023,40.0,45.0,0.0,24.0,21.0,34.0,0.0,40.0,11.28,23.51,0.0,241.28,1139.28
7,25,lamyvbiv21yyzloddt6,05-07-2023,0.0,0.0,40.0,11.0,0.0,0.0,43.0,39.0,921.09,578.17,420.8,460.49,1025.1
7,25,lamyvbivqrepxbl2wb,05-07-2023,0.0,15.0,0.0,6.0,0.0,0.0,26.0,0.0,29.28,4.58,0.0,0.0,890.93
7,25,lamyvbivfyeirekjjsg,05-07-2023,0.0,49.0,0.0,0.0,1.0,17.0,0.0,33.0,0.0,537.99,409.35,0.0,1045.71
7,25,lamyvbivuhwkyxm17wm,05-07-2023,20.0,0.0,0.0,17.0,42.0,0.0,0.0,19.0,26.56,558.61,1031.54,0.0,973.16
7,25,lamyvbivkcqzhb9c8kq,05-07-2023,0.0,12.0,0.0,0.0,5.0,15.0,0.0,0.0,0.0,17.74,0.0,0.0,1357.2
7,25,lamyvbivc1r7sk866zb,05-07-2023,12.0,32.0,11.0,22.0,0.0,12.0,0.0,35.0,0.0,0.0,0.0,0.0,1429.74
7,25,lamyvbiv3zulqezb8d9,05-07-2023,15.0,2.0,0.0,0.0,23.0,0.0,35.0,30.0,25.22,40.19,602.49,732.85,1058.74
7,25,lamyvbive0tjqvw72h8,05-07-2023,49.0,26.0,0.0,4.0,18.0,49.0,0.0,0.0,18.82,0.0,0.0,637.72,1491.33
7,25,lamyvbivz6i3erp2um,05-07-2023,33.0,0.0,0.0,0.0,38.0,27.0,0.0,0.0,883.91,839.92,613.14,716.75,1224.27
7,25,lamyvbivfcnxt73fc5e,06-07-2023,43.0,5.0,0.0,36.0,20.0,32.0,13.0,0.0,751.57,0.0,0.0,0.0,1433.0
7,25,lamyvbiv989fu76tktw,06-07-2023,26.0,0.0,30.0,42.0,0.0,0.0,0.0,42.0,737.91,0.0,417.16,0.0,1206.19
7,25,lamyvbivuyz4prk1w5e,06-07-2023,11.0,0.0,5.0,0.0,0.0,39.0,40.0,21.0,1078.36,0.0,0.0,656.63,1218.45
7,25,lamyvbivgckfasr98ce,06-07-2023,0.0,0.0,0.0,18.0,40.0,28.0,10.0,33.0,34.24,507.54,879.45,403.54,1259.93
7,25,lamyvbivubgujjt8w5l,06-07-2023,0.0,0.0,0.0,0.0,0.0,48.0,0.0,0.0,0.0,0.0,1094.01,0.0,1239.68
7,25,lamyvbivkkyfosbcu5b,06-07-2023,32.0,8.0,0.0,0.0,39.0,0.0,0.0,41.0,919.34,42.34,624.63,0.0,1147.57
7,25,lamyvbiv5zqj8r4dni2,06-07-2023,0.0,22.0,7.0,0.0,6.0,0.0,43.0,0.0,3.21,689.24,791.34,0.0,1229.72
7,25,lamyvbivijuqng1il5q,06-07-2023,0.0,43.0,0.0,0.0,17.0,0.0,44.0,22.0,0.0,668.46,0.0,0.0,1038.63
7,25,lamyvbiv0vkvf0jg55h,06-07-2023,0.0,41.0,0.0,0.0,0.0,0.0,17.0,0.0,0.0,756.13,1014.42,0.0,1007.57
7,25,lamyvbiv40jwulxq0r5,06-07-2023,0.0,36.0,0.0,0.0,23.0,48.0,0.0,0.0,914.64,0.0,0.0,1056.57,1014.85
7,25,lamyvbivvahqvbl5o5l,06-07-2023,21.0,0.0,43.0,5.0,0.0,0.0,40.0,42.0,1020.58,0.0,0.0,972.66,1114.54
7,26,lamyvbj5nvn8kz7d,12-07-2023,49.0,15.0,0.0,42.0,49.0,40.0,1.0,13.0,513.14,0.0,262.26,794.29,1179.42
7,26,lamyvbj5bdvekdw1onw,13-07-2023,36.0,28.0,25.0,0.0,0.0,35.0,48.0,0.0,0.0,24.06,633.43,0.0,1326.44
7,26,lamyvbj52zibf5qnc87,13-07-2023,0.0,12.0,0.0,37.0,0.0,26.0,0.0,0.0,0.0,495.62,163.58,0.0,774.44
7,26,lamyvbj5jmvvg94b2gf,13-07-2023,38.0,0.0,27.0,0.0,0.0,34.0,23.0,44.0,63.73,584.49,0.0,0.0,799.07
7,26,lamyvbj5knnrm7il71s,13-07-2023,43.0,0.0,0.0,0.0,16.0,0.0,0.0,19.0,499.99,721.03,703.83,0.0,876.96
7,26,lamyvbj5p5m3btbf45h,13-07-2023,0.0,0.0,0.0,0.0,28.0,20.0,0.0,17.0,13.79,0.0,0.0,0.0,1026.28
7,26,lamyvbj5uupnrzt5kph,13-07-2023,0.0,0.0,0.0,13.0,26.0,0.0,0.0,0.0,132.74,0.0,0.0,289.35,1527.46
7,27,lamyvbjfwxzpq99cy7j,19-07-2023,9.0,33.0,25.0,0.0,0.0,18.0,21.0,0.0,0.0,0.0,0.0,431.36,716.78
7,27,lamyvbjfhxdbn2i1lhc,19-07-2023,28.0,0.0,0.0,16.0,0.0,0.0,0.0,40.0,0.0,96.06,0.0,0.0,1160.92
7,27,lamyvbjfr4khhb0fad8,19-07-2023,18.0,31.0,14.0,0.0,36.0,0.0,0.0,0.0,0.0,31.53,0.0,0.0,923.79
7,27,lamyvbjfsx99z1pat1,19-07-2023,6.0,0.0,17.0,0.0,0.0,22.0,19.0,0.0,0.0,0.0,0.0,249.57,1432.83
7,27,lamyvbjfszmpm1vmrto,19-07-2023,0.0,36.0,26.0,35.0,0.0,0.0,43.0,0.0,0.0,0.0,0.0,21.18,924.43
7,27,lamyvbjfd02g38hijtj,20-07-2023,34.0,39.0,17.0,46.0,0.0,47.0,0.0,0.0,38.58,43.35,0.0,0.0,1058.66
7,27,lamyvbjfiauiuadgfgb,20-07-2023,0.0,0.0,0.0,13.0,14.0,0.0,0.0,0.0,21.33,0.0,64.94,138.65,1338.37
7,27,lamyvbjfrkqriq52bct,20-07-2023,0.0,42.0,0.0,0.0,0.0,0.0,9.0,0.0,0.0,199.66,0.0,176.69,1424.23
7,27,lamyvbjf7un5rc75vvn,20-07-2023,0.0,0.0,0.0,25.0,2.0,0.0,0.0,0.0,0.0,10.19,0.0,331.26,774.37
7,27,lamyvbjfqjvfgo1k51c,20-07-2023,37.0,0.0,0.0,12.0,29.0,15.0,21.0,43.0,2.89,0.0,0.0,266.84,940.09
7,28,lamyvbjp9lp38hte1ra,26-07-2023,40.0,7.0,41.0,0.0,0.0,31.0,0.0,0.0,0.0,11.82,0.0,523.23,1154.35
7,28,lamyvbjpn57md3fot8i,26-07-2023,0.0,45.0,20.0,0.0,39.0,0.0,0.0,29.0,0.0,161.63,548.28,665.48,1122.02
7,28,lamyvbjpalc2g80xw4g,26-07-2023,0.0,30.0,7.0,32.0,0.0,0.0,6.0,0.0,261.0,15.69,0.0,778.89,1002.2
7,28,lamyvbjpirpy2sbcm3h,26-07-2023,0.0,0.0,25.0,0.0,0.0,20.0,0.0,0.0,0.0,48.81,729.57,0.0,1058.99
7,28,lamyvbjpe5b1sk33hu,27-07-2023,0.0,27.0,0.0,0.0,0.0,35.0,0.0,47.0,119.59,196.12,0.0,232.15,655.49
7,28,lamyvbjpjkuexjiuuq8,27-07-2023,13.0,0.0,0.0,13.0,0.0,0.0,7.0,22.0,514.82,0.0,546.77,443.46,848.61
7,28,lamyvbjpa914hk5sq5c,27-07-2023,47.0,28.0,0.0,22.0,42.0,0.0,0.0,7.0,235.28,0.0,642.52,0.0,1222.1
7,28,lamyvbjpum9gxmvgape,27-07-2023,0.0,11.0,0.0,0.0,41.0,12.0,16.0,40.0,616.28,348.31,0.0,0.0,1316.9
8,29,lamyvbk0y58f1r1iqu,02-08-2023,0.0,0.0,0.0,29.0,4.0,0.0,0.0,44.0,809.78,41.34,0.0,0.0,767.7
8,29,lamyvbk0d2bvude6sym,02-08-2023,0.0,25.0,1.0,1.0,0.0,13.0,49.0,0.0,1006.32,48.52,944.18,761.6,1300.87
8,29,lamyvbk0mksrnanbwq,02-08-2023,32.0,21.0,10.0,26.0,46.0,0.0,2.0,0.0,379.59,569.74,302.75,0.0,1068.26
8,29,lamyvbk0dr4ypc2b2q,02-08-2023,14.0,0.0,0.0,49.0,0.0,19.0,42.0,0.0,28.03,44.21,0.0,872.46,958.03
8,29,lamyvbk0qq0pzwr0nw,02-08-2023,0.0,0.0,48.0,31.0,29.0,0.0,4.0,10.0,328.47,0.0,0.0,674.48,674.06
8,29,lamyvbk03c8csyt641a,02-08-2023,0.0,26.0,27.0,8.0,13.0,18.0,0.0,0.0,337.2,49.22,0.0,1064.76,1019.63
8,29,lamyvbk0gn00el8orck,02-08-2023,0.0,47.0,0.0,0.0,0.0,15.0,0.0,0.0,40.48,685.04,0.0,464.86,1018.34
8,29,lamyvbk0bkzhksd9l27,02-08-2023,0.0,0.0,18.0,0.0,0.0,20.0,0.0,0.0,0.0,1083.39,1002.67,981.29,1191.17
8,29,lamyvbk0tmbm0sj7vjp,02-08-2023,35.0,0.0,42.0,0.0,49.0,0.0,0.0,0.0,501.33,381.45,851.2,973.31,968.7
8,29,lamyvbk0lky5daux0z,03-08-2023,41.0,0.0,36.0,0.0,46.0,8.0,0.0,0.0,0.0,1008.49,0.0,959.02,847.59
8,29,lamyvbk04ugus9hrvd,03-08-2023,0.0,36.0,22.0,36.0,41.0,33.0,0.0,23.0,26.32,0.0,1019.47,868.63,1363.88
8,29,lamyvbk08r89fw384wc,03-08-2023,23.0,0.0,41.0,19.0,0.0,7.0,7.0,16.0,510.8,348.13,984.75,0.0,1375.72
8,29,lamyvbk003jj9t3q0q1r,03-08-2023,46.0,0.0,0.0,42.0,5.0,30.0,0.0,0.0,339.79,30.82,900.09,0.0,1364.76
8,29,lamyvbk0jw2eigcgnp,03-08-2023,44.0,0.0,46.0,0.0,0.0,2.0,35.0,0.0,1028.5,0.0,805.31,0.0,1390.9
8,29,lamyvbk00tdoydqh4e2b,03-08-2023,4.0,23.0,3.0,0.0,8.0,48.0,0.0,0.0,648.93,0.0,597.02,0.0,1063.12
8,29,lamyvbk0jfxt2xslps,03-08-2023,20.0,40.0,40.0,41.0,0.0,20.0,0.0,7.0,404.18,0.0,523.17,539.42,863.65
8,30,lamyvbkb33bw1byjraz,09-08-2023,31.0,17.0,16.0,0.0,47.0,0.0,28.0,34.0,355.4,47.59,630.01,731.97,1301.14
8,30,lamyvbkbmbmbzf407ea,09-08-2023,27.0,41.0,11.0,41.0,37.0,0.0,40.0,38.0,278.41,639.26,0.0,465.53,1031.75
8,30,lamyvbkb2zw4qtvp7ex,09-08-2023,0.0,36.0,0.0,0.0,32.0,10.0,14.0,0.0,112.63,132.97,0.0,0.0,688.85
8,30,lamyvbkbox7elwfs5ar,09-08-2023,0.0,30.0,0.0,37.0,39.0,0.0,43.0,0.0,11.28,425.87,0.0,797.73,1155.24
8,30,lamyvbkbhdoy224icd,09-08-2023,0.0,0.0,0.0,0.0,28.0,0.0,9.0,1.0,696.22,108.09,582.95,208.91,998.45
8,30,lamyvbkb6cctc40gyh,09-08-2023,0.0,0.0,13.0,0.0,24.0,0.0,0.0,23.0,611.89,73.02,0.0,253.91,992.2
8,30,lamyvbkbzs1unviqf0i,10-08-2023,0.0,34.0,36.0,33.0,0.0,0.0,0.0,0.0,634.87,213.0,614.34,700.13,891.31
8,30,lamyvbkbaisz1s1dhis,10-08-2023,0.0,0.0,24.0,25.0,0.0,0.0,0.0,0.0,0.0,0.0,0.0,66.28,880.5
8,30,lamyvbkbrfrqhw250zk,10-08-2023,34.0,22.0,31.0,0.0,44.0,0.0,0.0,0.0,42.88,0.0,212.02,629.45,1354.26
8,30,lamyvbkbvjf8ymuhvs,10-08-2023,0.0,0.0,0.0,17.0,0.0,16.0,7.0,31.0,692.49,117.16,0.0,0.0,1364.72
8,30,lamyvbkbnscguvqjjd,10-08-2023,23.0,0.0,49.0,10.0,42.0,0.0,0.0,20.0,11.25,0.0,221.49,676.41,1067.28
8,30,lamyvbkbqa02maskz79,10-08-2023,0.0,0.0,0.0,14.0,45.0,0.0,0.0,0.0,584.27,448.67,182.61,0.0,1391.84
8,31,lamyvbkly3pw7xsa25c,16-08-2023,0.0,16.0,33.0,0.0,25.0,27.0,25.0,0.0,0.0,46.79,20.72,331.83,951.47
8,31,lamyvbklwb0thauod3o,16-08-2023,0.0,18.0,44.0,27.0,7.0,0.0,0.0,39.0,0.0,16.38,0.0,323.85,848.85
8,31,lamyvbklb60ov2y803,16-08-2023,37.0,36.0,48.0,11.0,0.0,3.0,0.0,41.0,161.87,21.69,360.09,0.0,1047.13
8,31,lamyvbklmlau8e2s8op,16-08-2023,21.0,40.0,0.0,36.0,0.0,0.0,36.0,0.0,2.95,11.25,0.0,0.0,1196.44
8,31,lamyvbkl42aa0l1xtj8,16-08-2023,34.0,34.0,0.0,0.0,0.0,0.0,15.0,10.0,179.45,315.32,0.0,0.0,719.2
8,31,lamyvbkl3c13ki5wbyt,16-08-2023,20.0,0.0,0.0,0.0,0.0,0.0,0.0,0.0,0.0,45.65,0.0,0.0,738.07
8,31,lamyvbklm4xnuj5hzhi,17-08-2023,0.0,0.0,13.0,38.0,0.0,42.0,20.0,0.0,0.0,3.54,0.0,0.0,1256.14
8,31,lamyvbklwk6ll5jxm9l,17-08-2023,0.0,0.0,36.0,0.0,0.0,25.0,17.0,13.0,0.0,0.0,0.0,478.58,1472.21
8,31,lamyvbklwkekh1e7c,17-08-2023,0.0,24.0,43.0,12.0,0.0,3.0,0.0,0.0,456.45,0.0,394.71,0.0,1429.56
8,31,lamyvbkldh1h2o1qq1f,17-08-2023,0.0,35.0,25.0,32.0,6.0,0.0,0.0,36.0,21.18,0.0,141.93,222.7,1389.02
8,31,lamyvbkl6j4gyh1l3nt,17-08-2023,41.0,0.0,0.0,38.0,0.0,0.0,0.0,30.0,49.09,7.28,0.0,0.0,745.78
8,31,lamyvbklir6kvpcb0vc,17-08-2023,0.0,0.0,38.0,35.0,30.0,24.0,19.0,20.0,0.0,2.21,484.91,0.0,1144.01
8,31,lamyvbklsnny573fplr,17-08-2023,26.0,7.0,0.0,32.0,0.0,8.0,0.0,27.0,117.37,216.85,317.61,199.97,1476.62
8,32,lamyvbkwrdwwb8uhnaq,23-08-2023,0.0,0.0,0.0,0.0,14.0,28.0,0.0,0.0,0.0,11.27,196.41,281.9,1353.56
8,32,lamyvbkwm5il61ofj,23-08-2023,13.0,11.0,24.0,0.0,38.0,0.0,8.0,0.0,753.59,0.0,240.43,317.31,1086.52
8,32,lamyvbkwwbh411cz1qb,23-08-2023,0.0,19.0,0.0,31.0,16.0,37.0,0.0,8.0,0.0,0.0,324.32,0.0,1482.29
8,32,lamyvbkw1cbgnx5l8vx,23-08-2023,0.0,42.0,35.0,0.0,42.0,4.0,0.0,0.0,0.0,46.25,356.21,0.0,1492.85
8,32,lamyvbkweq5w3tb2bkl,23-08-2023,0.0,32.0,4.0,0.0,0.0,9.0,0.0,0.0,0.0,9.51,131.62,0.0,1244.19
8,32,lamyvbkwuuqd6ijtzg,23-08-2023,0.0,0.0,3.0,0.0,44.0,17.0,0.0,0.0,6.41,0.0,0.0,0.0,1576.95
8,32,lamyvbkwlyaocxp3i,23-08-2023,31.0,0.0,0.0,33.0,43.0,45.0,0.0,22.0,0.0,174.32,346.32,512.73,808.55
8,32,lamyvbkwz4ubm7wfuzc,23-08-2023,0.0,0.0,0.0,35.0,0.0,0.0,0.0,0.0,41.75,1.78,467.24,0.0,907.44
8,32,lamyvbkwkl11waju8n,23-08-2023,0.0,47.0,5.0,0.0,0.0,39.0,0.0,0.0,246.37,0.0,0.0,0.0,876.7
8,32,lamyvbkwkiyz8ybs9u,23-08-2023,0.0,49.0,0.0,12.0,0.0,8.0,10.0,0.0,23.91,37.25,0.0,642.49,1438.76
8,32,lamyvbkvafbh2e7w3ds,23-08-2023,0.0,0.0,0.0,0.0,0.0,0.0,0.0,19.0,261.62,67.6,366.13,756.66,810.77
8,32,lamyvbkwyhd78eupxub,24-08-2023,23.0,0.0,0.0,0.0,29.0,0.0,0.0,13.0,723.05,0.44,0.0,0.0,1291.5
8,32,lamyvbkwy6nnb20sey,24-08-2023,0.0,0.0,0.0,17.0,0.0,12.0,8.0,0.0,586.2,530.92,0.0,0.0,1088.11
8,32,lamyvbkwvbxamb0xqjn,24-08-2023,30.0,0.0,16.0,35.0,1.0,9.0,25.0,27.0,0.0,38.45,0.0,0.0,1353.04
8,32,lamyvbkwqokiejgkbo,24-08-2023,38.0,7.0,0.0,0.0,37.0,0.0,3.0,28.0,582.13,93.34,434.62,809.55,1469.9
8,32,lamyvbkwu83fimb7l8n,24-08-2023,0.0,0.0,11.0,34.0,31.0,0.0,0.0,0.0,597.61,33.78,75.68,0.0,1265.28
8,32,lamyvbkwr7pzxmmaxpk,24-08-2023,47.0,0.0,28.0,28.0,43.0,0.0,0.0,44.0,29.79,0.0,626.15,134.14,1135.24
8,32,lamyvbkvm6jhy3m0jn,24-08-2023,0.0,0.0,3.0,0.0,0.0,5.0,0.0,47.0,641.62,643.86,0.0,0.0,970.87
8,32,lamyvbkwr7hvis5q0b,24-08-2023,30.0,0.0,0.0,38.0,46.0,0.0,0.0,0.0,10.48,0.0,780.15,0.0,1113.6
8,32,lamyvbkv36subqvnzj2,24-08-2023,9.0,0.0,0.0,0.0,0.0,0.0,47.0,0.0,40.08,263.59,0.0,495.24,805.16
8,33,lamyvbl618q5a77mx4c,30-08-2023,0.0,0.0,8.0,12.0,0.0,45.0,0.0,10.0,663.84,26.52,838.25,702.64,1243.55
8,33,lamyvbl6nuyblf7pik9,30-08-2023,0.0,0.0,48.0,0.0,9.0,0.0,20.0,27.0,405.35,0.0,614.8,378.85,1673.83
8,33,lamyvbl6m5v6j4ijykc,30-08-2023,0.0,0.0,0.0,0.0,10.0,35.0,47.0,0.0,21.29,440.53,0.0,499.3,1171.46
8,33,lamyvbl6cnpb9jp7n7,30-08-2023,49.0,25.0,0.0,0.0,32.0,5.0,0.0,47.0,40.81,892.19,323.3,0.0,1307.97
8,33,lamyvbl6ja0kz2c7akq,30-08-2023,27.0,0.0,0.0,38.0,47.0,0.0,40.0,14.0,488.64,16.15,437.42,0.0,1246.97
8,33,lamyvbl6dkeize37ug,30-08-2023,23.0,7.0,0.0,42.0,8.0,0.0,0.0,0.0,25.86,0.0,474.4,0.0,906.37
8,33,lamyvbl6gd61b5w4etg,30-08-2023,36.0,33.0,0.0,0.0,0.0,41.0,9.0,19.0,547.39,39.47,943.47,0.0,1315.87
8,33,lamyvbl6243c32necg1,30-08-2023,0.0,17.0,12.0,0.0,18.0,5.0,0.0,0.0,524.67,0.0,0.0,653.45,1461.21
8,33,lamyvbl6r40zseynqto,30-08-2023,37.0,48.0,0.0,0.0,36.0,0.0,0.0,19.0,22.1,0.0,448.73,0.0,1287.0
8,33,lamyvbl638u7we835xp,30-08-2023,8.0,31.0,0.0,0.0,31.0,44.0,0.0,46.0,364.71,0.0,337.51,404.09,1239.83
8,33,lamyvbl6inlwv4sgtv8,31-08-2023,0.0,9.0,0.0,22.0,33.0,16.0,3.0,14.0,449.98,0.0,0.0,450.1,1350.32
8,33,lamyvbl6276sc0l8pkmj,31-08-2023,10.0,49.0,40.0,44.0,0.0,0.0,7.0,0.0,0.0,0.0,995.57,0.0,1554.25
8,33,lamyvbl6obrdc7p0r9f,31-08-2023,0.0,13.0,19.0,42.0,0.0,0.0,0.0,0.0,1074.61,36.75,315.46,0.0,916.62
8,33,lamyvbl6s7f08zy1yv,31-08-2023,9.0,20.0,0.0,33.0,0.0,0.0,20.0,12.0,1024.44,895.7,0.0,0.0,941.81
8,33,lamyvbl63j5rhq4staj,31-08-2023,29.0,0.0,0.0,0.0,0.0,0.0,0.0,32.0,13.4,358.49,969.38,0.0,1181.87
8,33,lamyvbl67aiy5hr2vrg,31-08-2023,0.0,24.0,8.0,0.0,35.0,0.0,2.0,22.0,356.95,40.48,0.0,593.3,1071.36
8,33,lamyvbl67z6dzi5274h,31-08-2023,0.0,0.0,0.0,0.0,42.0,0.0,39.0,47.0,0.0,10.06,0.0,0.0,981.8
8,33,lamyvbl6crl3o1gop4r,31-08-2023,39.0,21.0,26.0,0.0,40.0,0.0,0.0,3.0,972.79,20.06,0.0,518.73,1274.96
8,33,lamyvbl6ujv1t4etvuf,31-08-2023,24.0,0.0,38.0,0.0,18.0,0.0,21.0,0.0,771.7,36.19,649.42,0.0,1351.49
8,33,lamyvbl660avskveays,31-08-2023,35.0,0.0,0.0,0.0,0.0,5.0,37.0,48.0,871.53,1007.97,0.0,892.05,1674.12
8,33,lamyvbl6xwa03mkwvlf,31-08-2023,0.0,28.0,0.0,1.0,3.0,0.0,30.0,48.0,0.0,0.0,0.0,0.0,1165.87
9,34,lamyvblhqjudsgsfg0s,06-09-2023,19.0,0.0,13.0,39.0,0.0,0.0,33.0,0.0,563.39,0.0,0.0,0.0,1412.07
9,34,lamyvblh01cofv5ibn0i,06-09-2023,34.0,0.0,0.0,0.0,13.0,0.0,0.0,42.0,275.48,0.0,0.0,552.72,1232.95
9,34,lamyvblhp3bprbp1vpe,06-09-2023,9.0,0.0,0.0,1.0,0.0,21.0,30.0,9.0,40.84,8.62,653.81,155.4,1151.46
9,34,lamyvblhob73iqsw7ps,06-09-2023,22.0,0.0,0.0,2.0,19.0,0.0,44.0,7.0,0.0,20.36,704.09,0.0,1353.24
9,34,lamyvblhnohwhinz5am,06-09-2023,0.0,0.0,0.0,0.0,0.0,11.0,0.0,48.0,96.75,0.0,0.0,186.41,1334.03
9,34,lamyvblho10npotdrpa,06-09-2023,33.0,3.0,11.0,0.0,29.0,46.0,0.0,33.0,289.31,665.36,0.0,739.96,1214.06
9,34,lamyvblh0bbklrxffun6,06-09-2023,0.0,5.0,5.0,0.0,33.0,0.0,25.0,0.0,0.0,523.77,694.72,732.43,1085.74
9,34,lamyvblhbqihnhh98x,06-09-2023,0.0,18.0,9.0,18.0,24.0,22.0,14.0,0.0,190.51,0.0,0.0,0.0,1143.61
9,34,lamyvblhk2o8h3142s,07-09-2023,4.0,0.0,0.0,40.0,31.0,0.0,15.0,0.0,728.6,0.0,428.17,474.51,1760.39
9,34,lamyvblhemk9x06laot,07-09-2023,0.0,27.0,25.0,0.0,0.0,33.0,27.0,0.0,0.0,43.87,628.25,263.73,1487.38
9,34,lamyvblh6vqformpl6k,07-09-2023,8.0,0.0,4.0,41.0,36.0,0.0,4.0,0.0,397.41,26.06,0.0,0.0,1643.2
9,34,lamyvblhmzxgffxcvf,07-09-2023,42.0,0.0,47.0,0.0,0.0,0.0,14.0,31.0,0.0,148.4,0.0,35.6,1363.39
9,34,lamyvblhmvsc6z5sdv,07-09-2023,25.0,0.0,25.0,0.0,0.0,1.0,0.0,0.0,0.0,31.02,213.25,755.45,1776.16
9,34,lamyvblh5bzya6ob64b,07-09-2023,2.0,0.0,0.0,48.0,0.0,45.0,0.0,0.0,0.0,593.01,485.75,739.69,1291.37
9,34,lamyvblhg04nx0hrdx,07-09-2023,0.0,30.0,8.0,0.0,0.0,0.0,0.0,0.0,0.0,0.0,0.0,663.1,1596.2
9,34,lamyvblhpn7wu99dwc,07-09-2023,0.0,0.0,0.0,0.0,0.0,0.0,0.0,24.0,0.0,378.38,59.71,173.82,1694.93
9,34,lamyvblh48hcv1g5x84,07-09-2023,0.0,21.0,0.0,0.0,0.0,0.0,0.0,0.0,258.36,251.01,184.93,0.0,1436.93
9,34,lamyvblh8he5qzpi65s,07-09-2023,0.0,0.0,5.0,0.0,0.0,0.0,0.0,0.0,2.25,0.0,343.63,0.0,1713.22
9,34,lamyvblhc6a8usqd2p,07-09-2023,0.0,44.0,0.0,41.0,3.0,0.0,15.0,42.0,6.74,683.4,0.0,0.0,1648.81
9,34,lamyvblhmlustbo12u8,07-09-2023,0.0,27.0,0.0,8.0,0.0,36.0,45.0,0.0,8.48,343.04,0.0,133.94,1472.04
9,34,lamyvblh3oy6kt1l7gc,07-09-2023,0.0,0.0,7.0,3.0,0.0,0.0,17.0,0.0,0.0,347.62,33.14,16.79,1267.57
9,34,lamyvblhrm6b5j6hjr,07-09-2023,0.0,0.0,29.0,0.0,27.0,0.0,0.0,0.0,505.1,13.7,324.91,0.0,1732.49
9,34,lamyvblhpzsqkdzalx,07-09-2023,0.0,0.0,40.0,0.0,18.0,21.0,15.0,0.0,238.23,0.0,82.59,607.78,1307.42
9,35,lamyvblsuqvyt7oxorg,13-09-2023,0.0,31.0,36.0,0.0,0.0,0.0,0.0,44.0,324.0,3.0,0.0,0.0,1528.0
9,36,lamyvbm1y1w0dn4q33,20-09-2023,0.0,4.0,37.0,0.0,0.0,33.0,7.0,32.0,447.47,743.75,0.0,0.0,1595.68
9,36,lamyvbm1ikoasod7oys,20-09-2023,12.0,0.0,33.0,0.0,0.0,0.0,24.0,45.0,20.27,586.66,0.0,224.81,1590.22
9,36,lamyvbm1apbiwfkqgi,21-09-2023,0.0,3.0,29.0,28.0,22.0,0.0,0.0,0.0,132.81,35.27,231.33,0.0,1422.54
9,37,lamyvbmbwddk963ikc,27-09-2023,0.0,0.0,13.0,0.0,0.0,0.0,11.0,0.0,374.09,0.0,0.0,969.45,2010.87
9,37,lamyvbmbiyv27ab4yo,27-09-2023,0.0,0.0,0.0,0.0,2.0,40.0,0.0,22.0,900.48,787.82,1050.8,0.0,2207.07
9,37,lamyvbmb30ektzm8e4s,27-09-2023,27.0,0.0,27.0,43.0,5.0,34.0,18.0,0.0,753.48,724.39,0.0,0.0,1479.06
9,37,lamyvbmbjc9kkkce4l,27-09-2023,29.0,0.0,0.0,0.0,36.0,0.0,22.0,8.0,662.41,885.18,1027.98,0.0,1843.7
9,37,lamyvbmb2007smolsd4,27-09-2023,28.0,3.0,0.0,0.0,23.0,0.0,0.0,31.0,372.42,377.09,0.0,0.0,1795.09
9,37,lamyvbmb2atnw61tyut,27-09-2023,0.0,0.0,46.0,0.0,0.0,11.0,0.0,0.0,1034.03,27.97,0.0,359.33,2193.01
9,37,lamyvbmbxux60h9lb7,27-09-2023,0.0,0.0,34.0,25.0,0.0,0.0,0.0,5.0,36.49,0.0,0.0,0.0,1564.43
9,37,lamyvbmb9lts2zv3o5i,27-09-2023,0.0,12.0,11.0,0.0,0.0,7.0,9.0,0.0,0.0,0.0,338.55,0.0,1909.16
9,37,lamyvbmb7locofefogh,28-09-2023,0.0,0.0,1.0,0.0,0.0,6.0,8.0,30.0,815.89,966.98,706.31,0.0,1824.58
9,37,lamyvbmbfl1b5drvy77,28-09-2023,0.0,9.0,0.0,0.0,0.0,41.0,0.0,39.0,398.97,8.79,0.0,0.0,1965.0
9,37,lamyvbmb3vrgy9i1ivt,28-09-2023,47.0,0.0,0.0,0.0,11.0,34.0,35.0,44.0,839.44,1015.9,1002.43,1032.74,1610.49
9,37,lamyvbmbhmoabh9za3l,28-09-2023,21.0,5.0,0.0,0.0,0.0,0.0,0.0,26.0,793.39,884.77,332.35,0.0,1953.29
9,37,lamyvbmbvc02b3bowxk,28-09-2023,21.0,0.0,0.0,0.0,43.0,0.0,0.0,20.0,0.0,0.0,0.0,606.38,1614.69
9,37,lamyvbmbxcqqwixwgk,28-09-2023,0.0,0.0,0.0,49.0,0.0,20.0,1.0,33.0,932.79,829.95,950.0,0.0,1600.08
9,37,lamyvbmbe6fyz9vvd05,28-09-2023,10.0,38.0,38.0,0.0,0.0,0.0,0.0,4.0,0.0,985.83,391.98,1028.6,2092.95
10,38,lamyvbmm59f5c3r73ne,04-10-2023,0.0,0.0,45.0,0.0,12.0,0.0,24.0,0.0,562.73,0.0,728.39,461.62,1781.98
10,38,lamyvbmm6b4cie1a8jq,04-10-2023,9.0,0.0,42.0,0.0,0.0,0.0,0.0,0.0,41.83,7.25,686.85,0.0,2055.83
10,38,lamyvbmmc42mopc8p,04-10-2023,0.0,0.0,35.0,20.0,0.0,0.0,0.0,13.0,0.0,754.48,0.0,407.07,1937.82
10,38,lamyvbmmui1hb9qjfl,04-10-2023,11.0,29.0,0.0,0.0,0.0,2.0,0.0,0.0,369.42,0.0,0.0,755.79,1971.57
10,38,lamyvbmmsdi449atnbq,04-10-2023,41.0,45.0,9.0,38.0,3.0,0.0,0.0,42.0,6.24,28.06,0.0,0.0,2010.1
10,38,lamyvbmmptle2fs3c4,04-10-2023,23.0,0.0,0.0,12.0,5.0,0.0,33.0,0.0,357.24,0.0,71.25,0.0,2133.02
10,38,lamyvbmms30ly5hgms,04-10-2023,35.0,0.0,0.0,0.0,0.0,15.0,26.0,46.0,0.0,0.0,694.89,307.17,1762.8
10,38,lamyvbmmdzailt2rjk,04-10-2023,0.0,0.0,0.0,0.0,0.0,1.0,0.0,0.0,294.4,24.69,436.41,475.05,1568.88
10,38,lamyvbmm0sd859ijnmi,04-10-2023,17.0,0.0,0.0,41.0,0.0,0.0,34.0,0.0,0.0,401.51,0.0,561.28,1621.34
10,38,lamyvbmm187f95fmk84,04-10-2023,48.0,0.0,0.0,44.0,0.0,0.0,0.0,0.0,0.0,0.0,0.0,0.0,2177.3
10,38,lamyvbmmm2ass8labc,04-10-2023,0.0,4.0,0.0,20.0,0.0,0.0,33.0,0.0,75.01,8.49,0.0,81.59,2074.16
10,38,lamyvbmmydb5il3bt3,05-10-2023,0.0,39.0,27.0,0.0,22.0,0.0,0.0,48.0,27.24,422.53,454.77,0.0,1954.01
10,38,lamyvbmmss5he7uqjde,05-10-2023,0.0,0.0,44.0,39.0,0.0,27.0,0.0,0.0,772.45,364.52,269.78,0.0,1974.38
10,38,lamyvbmm9600vf2vdj8,05-10-2023,16.0,17.0,21.0,0.0,0.0,0.0,0.0,0.0,0.0,125.69,412.38,46.76,2092.41
10,38,lamyvbmmhsmh5p932gk,05-10-2023,0.0,0.0,0.0,24.0,17.0,36.0,39.0,20.0,0.0,0.0,0.0,0.0,1617.2
10,38,lamyvbmm1t78p5xwxu0h,05-10-2023,0.0,0.0,0.0,6.0,0.0,0.0,0.0,23.0,25.06,346.76,370.83,0.0,1951.09
10,38,lamyvbmmxpybs3ryv3,05-10-2023,14.0,5.0,0.0,0.0,44.0,0.0,2.0,23.0,0.0,530.98,0.0,0.0,1823.04
10,38,lamyvbmmbacgiblpx4c,05-10-2023,41.0,0.0,0.0,0.0,0.0,23.0,0.0,10.0,446.47,24.16,0.0,574.32,1702.11
10,38,lamyvbmm20a3uwgendz,05-10-2023,0.0,41.0,41.0,0.0,0.0,39.0,40.0,0.0,318.65,20.67,348.56,566.85,1759.52
10,38,lamyvbmmzasfycj65h,05-10-2023,0.0,30.0,0.0,20.0,0.0,22.0,18.0,42.0,212.55,0.0,0.0,195.52,2134.6
10,38,lamyvbmmpvgiy7gr6h,05-10-2023,13.0,12.0,44.0,0.0,0.0,28.0,7.0,45.0,553.28,4.53,354.35,0.0,1930.38
10,38,lamyvbmmc7bj2r01g6f,05-10-2023,3.0,0.0,0.0,0.0,0.0,0.0,0.0,9.0,194.0,0.0,0.0,333.75,2112.35
10,38,lamyvbmm38kqsp1onwv,05-10-2023,0.0,0.0,0.0,18.0,0.0,25.0,0.0,0.0,0.0,154.17,0.0,637.68,2251.73
10,39,lamyvbmyiy5fzh4olhb,11-10-2023,0.0,36.0,37.0,0.0,0.0,35.0,1.0,30.0,0.0,0.0,0.0,0.0,1905.57
10,39,lamyvbmxy8zl2d47ge9,11-10-2023,35.0,0.0,1.0,0.0,0.0,0.0,34.0,0.0,0.0,0.0,0.0,0.0,1623.91
10,39,lamyvbmxxxtrsbx0l3h,11-10-2023,0.0,0.0,0.0,0.0,0.0,0.0,48.0,16.0,0.0,0.0,0.0,317.64,1706.61
10,39,lamyvbmxi2iaf32dm7,11-10-2023,35.0,0.0,0.0,0.0,31.0,45.0,13.0,0.0,399.03,0.0,0.0,0.0,2221.17
10,39,lamyvbmxkhk3esf7rmd,11-10-2023,0.0,11.0,31.0,0.0,0.0,6.0,0.0,34.0,45.96,0.0,478.82,0.0,1655.49
10,39,lamyvbmxm9gxv95ypcc,11-10-2023,0.0,46.0,30.0,0.0,29.0,0.0,2.0,5.0,0.0,381.4,0.0,0.0,2242.12
10,39,lamyvbmxcvjdu0bzj8,11-10-2023,35.0,34.0,39.0,0.0,0.0,41.0,0.0,0.0,0.0,0.0,0.0,0.0,2311.48
10,39,lamyvbmxw6pydma3t3,11-10-2023,0.0,0.0,0.0,0.0,22.0,14.0,27.0,0.0,42.22,10.1,0.0,0.0,1713.28
10,39,lamyvbmxit46ifm114i,11-10-2023,25.0,0.0,0.0,37.0,8.0,0.0,37.0,21.0,29.03,0.0,179.25,0.0,1890.49
10,39,lamyvbmyxl1ofsb7zv,11-10-2023,0.0,49.0,26.0,12.0,0.0,37.0,0.0,0.0,0.0,29.2,38.45,0.0,1785.02
10,39,lamyvbmx4iubw5dyx24,11-10-2023,43.0,27.0,46.0,24.0,49.0,1.0,20.0,0.0,11.27,466.68,331.08,0.0,1997.15
10,39,lamyvbmxynswkpcffph,11-10-2023,0.0,23.0,35.0,46.0,25.0,0.0,45.0,1.0,0.0,14.38,8.6,0.0,1932.0
10,39,lamyvbmygmrwjlo26qi,11-10-2023,0.0,1.0,0.0,47.0,0.0,0.0,6.0,44.0,0.0,96.16,322.31,84.36,1877.39
10,39,lamyvbmxmyh9ao90e9,11-10-2023,5.0,17.0,3.0,3.0,0.0,2.0,3.0,0.0,31.77,0.0,0.0,0.0,1978.56
10,39,lamyvbmxjw0398xmpbr,12-10-2023,32.0,33.0,0.0,0.0,0.0,0.0,27.0,13.0,0.0,0.0,0.0,0.0,2235.26
10,39,lamyvbmy2ngtsoz90ac,12-10-2023,0.0,0.0,0.0,41.0,27.0,4.0,0.0,0.0,0.0,0.0,0.0,0.0,2381.74
10,39,lamyvbmxpr4o11zcd5n,12-10-2023,0.0,17.0,44.0,0.0,17.0,41.0,0.0,0.0,305.65,48.33,0.0,0.0,2190.75
10,39,lamyvbmydz0xdsgqnz6,12-10-2023,0.0,0.0,0.0,0.0,0.0,35.0,0.0,0.0,40.32,0.0,192.75,0.0,1789.02
10,39,lamyvbmywz4ojsebt9p,12-10-2023,18.0,0.0,0.0,0.0,0.0,12.0,0.0,34.0,0.0,0.0,458.43,297.25,1960.24
10,39,lamyvbmxaq1p83gvz0r,12-10-2023,0.0,0.0,0.0,13.0,0.0,0.0,0.0,2.0,132.81,139.84,0.0,0.0,1784.23
10,39,lamyvbmxjf4xkrjwpii,12-10-2023,0.0,33.0,28.0,0.0,30.0,0.0,21.0,14.0,0.0,0.0,0.0,0.0,2005.21
10,39,lamyvbmxbx8oli3gw4c,12-10-2023,20.0,0.0,0.0,9.0,29.0,0.0,0.0,42.0,44.34,0.0,0.0,402.64,1995.29
10,39,lamyvbmxeczumab54lt,12-10-2023,0.0,0.0,35.0,0.0,2.0,14.0,0.0,23.0,237.63,0.0,208.57,0.0,1782.22
10,39,lamyvbmyljx19j5ibz,12-10-2023,8.0,0.0,0.0,0.0,17.0,22.0,21.0,0.0,20.05,0.0,0.0,120.98,2211.13
10,39,lamyvbmx4ij21mcnnxg,12-10-2023,0.0,0.0,0.0,0.0,0.0,31.0,14.0,44.0,0.0,0.0,351.58,62.97,2004.47
10,39,lamyvbmxph40epo42b,12-10-2023,0.0,0.0,0.0,21.0,45.0,1.0,0.0,40.0,111.76,26.96,0.0,0.0,2121.94
10,39,lamyvbmxz1ffeu11s3,12-10-2023,26.0,0.0,0.0,40.0,6.0,19.0,0.0,6.0,0.0,281.51,109.34,0.0,1927.39
10,39,lamyvbmxnju2jeq3qpl,12-10-2023,0.0,0.0,17.0,43.0,0.0,0.0,21.0,0.0,0.0,26.62,151.08,417.0,2100.58
10,39,lamyvbmxv83ide643k,12-10-2023,11.0,0.0,9.0,0.0,7.0,2.0,49.0,0.0,0.0,270.02,179.36,0.0,2336.11
10,39,lamyvbmxfoctlnzla8n,12-10-2023,46.0,8.0,48.0,20.0,49.0,0.0,35.0,19.0,91.47,49.96,278.11,0.0,1637.25
10,39,lamyvbmx9lqham8u2o8,12-10-2023,20.0,0.0,15.0,0.0,0.0,21.0,2.0,0.0,25.58,0.0,0.0,0.0,2367.29
10,39,lamyvbmx4rusilv4f1u,12-10-2023,0.0,0.0,0.0,21.0,13.0,0.0,38.0,30.0,27.95,244.97,0.0,240.24,2086.08
10,39,lamyvbmxojwvouwq4of,12-10-2023,29.0,35.0,6.0,0.0,0.0,0.0,0.0,37.0,35.9,25.26,240.36,452.94,2076.87
10,39,lamyvbmxdry0wf6cbzf,12-10-2023,46.0,8.0,0.0,22.0,48.0,0.0,46.0,23.0,0.0,478.55,0.0,41.76,1907.28
10,39,lamyvbmx3il8gadk9tc,12-10-2023,0.0,0.0,0.0,13.0,0.0,12.0,45.0,0.0,0.0,320.7,0.0,0.0,1807.43
10,40,lamyvbn8ofunjw3jtrd,18-10-2023,0.0,43.0,0.0,0.0,43.0,0.0,37.0,0.0,243.49,409.16,519.06,425.94,2223.19
10,40,lamyvbn89tw49q5q02o,18-10-2023,0.0,21.0,1.0,0.0,41.0,45.0,10.0,23.0,163.3,650.51,531.78,77.53,2286.31
10,40,lamyvbn8n5lmchudi1q,18-10-2023,40.0,0.0,49.0,0.0,24.0,0.0,0.0,0.0,0.0,33.91,0.0,0.0,2301.86
10,40,lamyvbn8r7fpdxvvzn,18-10-2023,13.0,24.0,0.0,22.0,10.0,18.0,0.0,40.0,20.25,52.17,684.81,707.58,1791.94
10,40,lamyvbn8wvfohc0dia8,18-10-2023,0.0,0.0,0.0,0.0,49.0,0.0,0.0,0.0,0.0,0.0,0.0,615.58,1752.68
10,40,lamyvbn8tm8sfl1gzjp,18-10-2023,0.0,10.0,0.0,0.0,0.0,9.0,0.0,0.0,36.68,347.6,766.0,680.26,2414.69
10,40,lamyvbn802ty2g7jttz9,18-10-2023,34.0,0.0,0.0,0.0,12.0,0.0,0.0,24.0,28.76,526.23,0.0,729.76,1871.7
10,40,lamyvbn80qxiir4gj1c9,18-10-2023,7.0,0.0,29.0,0.0,0.0,0.0,0.0,0.0,0.0,0.0,144.38,88.72,1840.29
10,40,lamyvbn8hifhlz2vxas,18-10-2023,12.0,18.0,0.0,0.0,13.0,0.0,15.0,8.0,156.28,40.5,0.0,275.5,1766.67
10,40,lamyvbn8bg1g85c1sdw,18-10-2023,0.0,22.0,44.0,43.0,0.0,0.0,2.0,0.0,84.79,574.81,648.27,1.9,1848.61
10,40,lamyvbn8hq956gqnce,19-10-2023,0.0,0.0,0.0,36.0,37.0,9.0,0.0,0.0,21.33,0.0,651.42,0.0,1990.08
10,40,lamyvbn8x366lpx7mqk,19-10-2023,0.0,7.0,22.0,10.0,0.0,6.0,21.0,0.0,666.84,345.42,189.71,486.97,2418.03
10,40,lamyvbn80rjxqs5kztd,19-10-2023,0.0,0.0,0.0,28.0,0.0,3.0,0.0,0.0,302.38,166.96,649.01,0.0,2110.38
10,40,lamyvbn8fcw9zbisudn,19-10-2023,1.0,0.0,0.0,0.0,0.0,0.0,3.0,0.0,46.2,741.28,0.0,0.0,2446.97
10,40,lamyvbn86n9k3pvyxgn,19-10-2023,22.0,6.0,0.0,0.0,23.0,0.0,0.0,19.0,0.0,8.46,692.94,0.0,1717.91
10,40,lamyvbn8sikrmnutffn,19-10-2023,0.0,39.0,5.0,0.0,0.0,0.0,0.0,0.0,578.58,251.63,0.0,687.86,1721.34
10,40,lamyvbn8o73yb5h1c29,19-10-2023,44.0,0.0,0.0,0.0,46.0,0.0,28.0,14.0,50.46,39.76,0.0,0.0,2072.92
10,40,lamyvbn8k9gjdn9qmb,19-10-2023,13.0,0.0,0.0,0.0,6.0,0.0,0.0,0.0,809.68,0.0,0.0,374.88,2042.32
10,40,lamyvbn83st4ksaro1,19-10-2023,43.0,0.0,3.0,0.0,0.0,34.0,1.0,0.0,37.53,0.0,0.0,0.0,2366.89
10,40,lamyvbn80tbqkgbxtx8m,19-10-2023,46.0,44.0,0.0,0.0,37.0,18.0,28.0,29.0,0.0,21.75,0.0,0.0,2165.32
10,40,lamyvbn8o2l7tdklls,19-10-2023,0.0,0.0,0.0,8.0,0.0,0.0,7.0,39.0,0.0,9.49,0.0,765.73,2333.06
10,40,lamyvbn8abso56c9zxr,19-10-2023,27.0,0.0,0.0,0.0,0.0,0.0,0.0,13.0,14.84,0.0,0.0,0.0,1791.25
10,40,lamyvbn8w6k9ekmk599,19-10-2023,49.0,11.0,45.0,0.0,0.0,0.0,10.0,31.0,0.0,423.41,0.0,0.0,1891.65
10,40,lamyvbn8sy5fjycij2,19-10-2023,22.0,0.0,28.0,6.0,0.0,44.0,40.0,0.0,0.0,35.58,251.75,136.09,1756.57
10,41,lamyvbnjfebsxpoajgc,25-10-2023,0.0,25.0,31.0,0.0,0.0,24.0,12.0,0.0,742.78,45.57,348.21,0.0,2191.86
10,41,lamyvbnjqvjpa0mhe1,25-10-2023,15.0,11.0,2.0,40.0,0.0,0.0,0.0,7.0,549.89,572.43,0.0,0.0,2100.43
10,41,lamyvbnjx3owpf03dme,25-10-2023,0.0,2.0,37.0,0.0,9.0,0.0,0.0,0.0,16.66,887.69,967.92,758.22,2484.38
10,41,lamyvbnjt38om33in6,26-10-2023,9.0,38.0,0.0,2.0,0.0,0.0,13.0,0.0,38.2,0.0,0.0,970.89,1818.95
10,41,lamyvbnjzsu6zkf2w,26-10-2023,0.0,49.0,40.0,21.0,0.0,16.0,0.0,0.0,484.32,802.21,461.19,0.0,2366.68
10,41,lamyvbnjdkgoj71inp,26-10-2023,46.0,34.0,0.0,8.0,0.0,35.0,22.0,0.0,529.78,673.9,0.0,306.79,2164.65
10,41,lamyvbnj5naac7zhywr,26-10-2023,34.0,0.0,0.0,0.0,33.0,29.0,25.0,36.0,1002.87,407.04,982.54,1008.14,2014.06
10,41,lamyvbnj9oaj7x731vh,26-10-2023,0.0,22.0,0.0,8.0,0.0,0.0,0.0,0.0,888.99,604.41,522.92,349.8,2176.36
11,42,lamyvbntwtqhxt0ie8b,01-11-2023,43.0,0.0,0.0,37.0,9.0,0.0,19.0,18.0,16.35,0.0,613.01,632.44,1831.0
11,42,lamyvbnuvdx4csn6b8,01-11-2023,0.0,0.0,8.0,32.0,0.0,9.0,0.0,47.0,0.0,785.44,0.0,0.0,2142.12
11,42,lamyvbnuu0byg53r4r,01-11-2023,8.0,0.0,0.0,0.0,26.0,44.0,8.0,0.0,13.16,106.39,0.0,250.51,2041.98
11,42,lamyvbnuc61y8pr7mml,01-11-2023,41.0,0.0,24.0,0.0,27.0,0.0,0.0,0.0,123.22,661.62,0.0,115.45,1987.36
11,42,lamyvbnuwrcv7cd1qwr,01-11-2023,5.0,0.0,0.0,0.0,0.0,0.0,0.0,21.0,249.26,36.58,399.44,150.85,1878.08
11,42,lamyvbnu6wqmvhucra2,01-11-2023,5.0,0.0,0.0,0.0,0.0,0.0,0.0,0.0,0.0,185.23,278.06,0.0,2260.16
11,42,lamyvbnuq72ku00qk1,01-11-2023,30.0,0.0,16.0,11.0,15.0,10.0,6.0,0.0,67.38,329.35,606.16,0.0,2167.9
11,42,lamyvbnun4ylmocltq,01-11-2023,3.0,0.0,25.0,23.0,47.0,0.0,0.0,0.0,17.43,82.76,89.38,746.57,2092.57
11,42,lamyvbnufgd5vvfwmof,01-11-2023,0.0,28.0,12.0,0.0,25.0,45.0,30.0,0.0,753.81,183.47,0.0,0.0,2000.14
11,42,lamyvbnt6yfb14m0e8l,02-11-2023,0.0,0.0,3.0,0.0,0.0,0.0,0.0,0.0,0.0,57.01,6.78,431.88,2090.4
11,42,lamyvbnuotfcw4je5je,02-11-2023,0.0,49.0,0.0,0.0,3.0,0.0,0.0,0.0,674.7,5.11,146.62,0.0,2307.88
11,42,lamyvbnu45dqvuw85uu,02-11-2023,0.0,15.0,32.0,0.0,11.0,0.0,17.0,0.0,0.0,308.52,0.0,10.21,1789.98
11,42,lamyvbnu7pidi33myts,02-11-2023,21.0,0.0,0.0,0.0,0.0,36.0,0.0,0.0,594.31,770.72,193.98,628.38,1990.88
11,42,lamyvbnu7l06sm4684a,02-11-2023,0.0,0.0,12.0,0.0,0.0,0.0,0.0,41.0,0.0,360.74,403.45,201.13,1769.96
11,43,lamyvbo5cof9tu0hhz,08-11-2023,0.0,0.0,10.0,9.0,20.0,0.0,17.0,0.0,26.98,0.0,0.0,0.0,2381.47
11,43,lamyvbo50c4t3q1rrirk,08-11-2023,0.0,20.0,45.0,0.0,0.0,0.0,0.0,16.0,37.44,289.27,0.0,0.0,2012.89
11,43,lamyvbo5qo7zfaef0gm,08-11-2023,34.0,0.0,0.0,0.0,42.0,0.0,12.0,0.0,0.22,0.0,0.0,0.0,2425.34
11,43,lamyvbo5fjkabg1p95i,08-11-2023,1.0,0.0,34.0,4.0,0.0,0.0,0.0,0.0,315.48,0.0,286.18,76.44,2179.77
11,43,lamyvbo5bfhkvqmnnmq,08-11-2023,0.0,0.0,43.0,23.0,0.0,0.0,0.0,0.0,0.0,330.22,0.0,142.01,2247.87
11,43,lamyvbo5m64l2kxqqdd,08-11-2023,0.0,16.0,0.0,0.0,13.0,0.0,0.0,0.0,275.69,46.2,0.0,101.21,1809.39
11,43,lamyvbo54ehp63puue,08-11-2023,0.0,32.0,0.0,0.0,0.0,0.0,0.0,30.0,0.0,0.0,16.2,0.0,2073.06
11,43,lamyvbo5idai45n5jyi,09-11-2023,0.0,0.0,0.0,0.0,34.0,0.0,0.0,39.0,0.0,16.04,245.94,0.0,2343.62
11,43,lamyvbo5i8psvq12kj,09-11-2023,0.0,0.0,0.0,37.0,0.0,47.0,0.0,0.0,389.05,45.66,284.47,0.0,1732.89
11,43,lamyvbo5ufzawmkfbec,09-11-2023,0.0,0.0,47.0,7.0,0.0,0.0,0.0,0.0,482.19,9.68,0.0,0.0,1760.3
11,44,lamyvbofkazjwpjppki,15-11-2023,0.0,0.0,0.0,43.0,13.0,37.0,15.0,10.0,0.0,220.99,74.45,787.23,1901.18
11,44,lamyvbofizdjzuf2o1,15-11-2023,0.0,38.0,0.0,0.0,24.0,0.0,33.0,2.0,240.54,756.39,0.0,435.06,2131.92
11,44,lamyvbof06upf7gzlpti,15-11-2023,0.0,0.0,27.0,0.0,34.0,39.0,0.0,45.0,49.2,0.0,0.0,660.26,2067.71
11,44,lamyvbofw4uiac3oo2o,15-11-2023,0.0,0.0,15.0,0.0,32.0,0.0,0.0,22.0,0.0,25.7,0.0,0.0,1906.08
11,44,lamyvbofid656p62d29,15-11-2023,0.0,0.0,0.0,24.0,0.0,27.0,41.0,31.0,21.1,26.34,805.55,20.75,1869.21
11,44,lamyvbofnzu6ssau9s9,15-11-2023,24.0,21.0,0.0,22.0,43.0,14.0,17.0,35.0,711.78,0.0,321.02,490.41,2304.88
11,44,lamyvbofofirm6z7vw,15-11-2023,44.0,0.0,15.0,0.0,0.0,0.0,0.0,30.0,0.0,104.57,0.0,0.0,2107.07
11,44,lamyvbofw3pc7mp2mla,15-11-2023,0.0,0.0,9.0,0.0,28.0,0.0,39.0,28.0,284.96,0.0,101.95,0.0,1975.07
11,44,lamyvbofw2xm6vqapnd,15-11-2023,20.0,5.0,15.0,33.0,0.0,45.0,28.0,17.0,383.65,367.33,667.3,0.0,2281.71
11,44,lamyvbofmxroq17zf,15-11-2023,0.0,43.0,2.0,0.0,0.0,29.0,15.0,0.0,0.0,0.0,0.0,9.58,1736.44
11,44,lamyvbof736krcvnzma,15-11-2023,0.0,0.0,0.0,47.0,6.0,15.0,41.0,24.0,636.07,0.0,244.16,226.87,1884.17
11,44,lamyvbofwuvxnlox2e,15-11-2023,0.0,0.0,29.0,0.0,0.0,31.0,2.0,0.0,23.88,28.53,0.0,0.0,1704.88
11,44,lamyvbofo462kvnj1ud,15-11-2023,18.0,0.0,19.0,0.0,42.0,0.0,40.0,32.0,13.08,448.03,0.0,0.0,1760.62
11,44,lamyvbofp48n3hjpqm,15-11-2023,0.0,0.0,44.0,0.0,0.0,0.0,26.0,26.0,758.51,530.04,0.0,675.71,1729.57
11,44,lamyvbofr46a36tvjma,15-11-2023,0.0,12.0,0.0,0.0,0.0,0.0,0.0,3.0,0.0,580.81,152.42,178.94,2041.34
11,44,lamyvbof3ms6hivtm2e,15-11-2023,46.0,0.0,0.0,0.0,36.0,0.0,0.0,42.0,753.33,0.0,0.0,0.0,2246.85
11,44,lamyvbofkrk8cs345,15-11-2023,44.0,0.0,37.0,4.0,41.0,0.0,0.0,0.0,0.0,493.35,0.0,274.4,2146.28
11,44,lamyvbofy7ysiohw1ug,15-11-2023,44.0,44.0,42.0,14.0,0.0,0.0,43.0,33.0,0.0,672.84,0.0,0.0,1620.38
11,44,lamyvbofmyyj8zc1gie,15-11-2023,36.0,23.0,0.0,0.0,0.0,0.0,38.0,4.0,0.0,564.19,7.65,120.97,1864.74
11,44,lamyvbofunxuk8hm4vd,16-11-2023,48.0,0.0,43.0,0.0,0.0,7.0,29.0,0.0,23.0,0.0,0.0,643.23,2080.6
11,44,lamyvbofxn1xkl2g9e,16-11-2023,20.0,31.0,0.0,36.0,32.0,17.0,14.0,14.0,0.0,172.19,628.34,254.89,1773.55
11,44,lamyvbofjgyvtdfo4h,16-11-2023,0.0,38.0,0.0,38.0,31.0,18.0,0.0,19.0,70.93,100.33,0.0,85.73,1793.83
11,44,lamyvbofhaknxa18shk,16-11-2023,10.0,40.0,43.0,48.0,44.0,0.0,0.0,48.0,466.28,142.09,0.0,368.42,1735.39
11,44,lamyvbofi2uudlr08om,16-11-2023,18.0,0.0,0.0,0.0,6.0,0.0,0.0,0.0,437.09,698.74,0.0,54.65,1618.55
11,44,lamyvbofddqw7dc4qe,16-11-2023,15.0,0.0,45.0,24.0,0.0,0.0,31.0,0.0,461.35,642.48,0.0,145.64,1739.51
11,44,lamyvbofry2hhh6hd8,16-11-2023,29.0,39.0,0.0,0.0,31.0,5.0,43.0,0.0,90.26,30.63,114.73,519.99,2347.98
11,44,lamyvbof829pfocf1ha,16-11-2023,0.0,7.0,0.0,0.0,0.0,5.0,28.0,0.0,242.74,0.0,0.0,0.0,1880.3
11,44,lamyvbofmsu0bye1rvg,16-11-2023,0.0,0.0,0.0,27.0,0.0,0.0,0.0,0.0,260.41,42.89,68.08,648.23,2224.38
11,44,lamyvbof6on6fhsbox8,16-11-2023,0.0,0.0,0.0,0.0,0.0,43.0,0.0,0.0,569.69,653.46,292.15,498.73,1591.07
11,44,lamyvbof02slnitdim3f,16-11-2023,38.0,0.0,0.0,0.0,0.0,0.0,3.0,0.0,712.73,605.71,154.94,0.0,1729.97
11,44,lamyvbofcaafc8lu9le,16-11-2023,18.0,0.0,45.0,0.0,16.0,6.0,18.0,0.0,35.17,574.78,289.82,0.0,1652.96
11,44,lamyvbofc88kwibabqb,16-11-2023,0.0,0.0,16.0,0.0,30.0,40.0,49.0,2.0,691.6,265.44,630.88,539.61,1908.58
11,44,lamyvbofj3k317p95x,16-11-2023,30.0,5.0,0.0,0.0,6.0,0.0,7.0,32.0,29.68,91.17,38.42,0.0,2236.61
11,44,lamyvboflwstcjermv,16-11-2023,22.0,6.0,12.0,42.0,1.0,31.0,0.0,0.0,357.54,34.4,798.39,173.67,1788.95
11,44,lamyvbofikscgdmayu,16-11-2023,0.0,0.0,34.0,0.0,2.0,48.0,49.0,46.0,590.48,229.0,618.75,0.0,2285.63
11,44,lamyvbofkatkdokgo1f,16-11-2023,0.0,38.0,0.0,15.0,0.0,10.0,27.0,0.0,549.31,36.01,172.19,0.0,2328.0
11,44,lamyvbof5jaejhqjqh,16-11-2023,0.0,34.0,42.0,0.0,47.0,22.0,0.0,13.0,388.81,44.0,0.0,0.0,1855.69
11,45,lamyvborl8cj5txvsdh,22-11-2023,37.0,0.0,4.0,31.0,0.0,15.0,33.0,12.0,894.74,0.0,842.33,989.84,1918.75
11,45,lamyvbor83z51qca2r7,22-11-2023,0.0,0.0,26.0,35.0,0.0,36.0,13.0,0.0,8.15,1061.69,1088.01,0.0,2228.44
11,45,lamyvbortrhs93sxq5,22-11-2023,0.0,0.0,17.0,0.0,0.0,35.0,0.0,0.0,502.78,3.71,0.0,998.96,2233.69
11,45,lamyvbor6bqux974q45,22-11-2023,0.0,0.0,0.0,0.0,0.0,0.0,48.0,35.0,25.92,670.09,0.0,0.0,2213.75
11,45,lamyvborn9q25d52x6b,22-11-2023,0.0,0.0,46.0,0.0,26.0,0.0,24.0,9.0,732.36,10.22,1003.55,0.0,1803.32
11,45,lamyvborhkwmteps8p6,22-11-2023,17.0,29.0,49.0,47.0,47.0,0.0,0.0,22.0,304.86,672.07,885.04,0.0,1596.53
11,45,lamyvborg3ymnx36zwb,22-11-2023,41.0,40.0,0.0,5.0,24.0,0.0,47.0,0.0,756.8,910.92,0.0,686.68,2219.23
11,45,lamyvborx8zzvn0h7gg,22-11-2023,20.0,5.0,48.0,23.0,0.0,19.0,0.0,0.0,444.39,26.3,617.32,736.7,2256.71
11,45,lamyvborgfkkbh1fgy8,22-11-2023,0.0,26.0,0.0,0.0,32.0,46.0,22.0,16.0,552.61,444.81,0.0,901.73,1734.57
11,45,lamyvborh5r9c857c37,22-11-2023,33.0,7.0,9.0,14.0,23.0,36.0,0.0,10.0,42.0,303.8,0.0,0.0,2258.42
11,45,lamyvbori9zhlgfqcy,22-11-2023,0.0,0.0,35.0,0.0,31.0,35.0,32.0,0.0,5.17,575.12,1028.83,998.54,2024.9
11,45,lamyvborxli5l7ke0f,23-11-2023,14.0,40.0,21.0,9.0,0.0,0.0,18.0,45.0,33.24,351.66,463.57,651.93,1721.26
11,45,lamyvbortmmwio1abep,23-11-2023,0.0,0.0,0.0,38.0,30.0,48.0,23.0,26.0,0.0,0.0,418.46,1056.49,1752.98
11,45,lamyvborsjerorzjr8,23-11-2023,0.0,0.0,24.0,0.0,0.0,0.0,43.0,29.0,47.07,48.41,0.0,827.99,1982.25
11,45,lamyvborr15kyo6lcqr,23-11-2023,0.0,10.0,45.0,0.0,32.0,27.0,0.0,3.0,1090.82,1.69,708.61,622.86,1890.17
11,45,lamyvborqjedl43lykm,23-11-2023,0.0,0.0,0.0,41.0,0.0,22.0,0.0,0.0,395.56,12.35,0.0,0.0,1476.65
11,45,lamyvborf3ydpesobta,23-11-2023,0.0,0.0,33.0,16.0,0.0,20.0,0.0,33.0,677.14,0.0,407.69,440.07,1587.98
11,45,lamyvborpzhlkvsid8,23-11-2023,24.0,0.0,17.0,0.0,23.0,0.0,3.0,0.0,616.39,927.61,722.61,0.0,1566.52
11,45,lamyvborn93f49u6wjd,23-11-2023,0.0,0.0,43.0,0.0,40.0,0.0,18.0,0.0,0.0,47.99,0.0,761.79,1499.59
11,46,lamyvbp1dlw108hykfh,29-11-2023,36.0,0.0,8.0,0.0,32.0,0.0,0.0,0.0,630.61,280.82,0.0,647.49,2045.39
11,46,lamyvbp1cmgl3pstj2o,29-11-2023,0.0,12.0,0.0,35.0,21.0,0.0,4.0,0.0,478.93,591.98,306.32,549.64,1638.46
11,46,lamyvbp1w97thf8568k,29-11-2023,19.0,0.0,40.0,11.0,0.0,0.0,13.0,0.0,177.91,41.5,0.0,485.12,1450.39
11,46,lamyvbp1gvl3bqmp7gn,29-11-2023,0.0,0.0,7.0,0.0,1.0,0.0,24.0,9.0,19.28,403.45,734.79,691.04,1381.42
11,46,lamyvbp1ei2ynkarzp4,29-11-2023,27.0,0.0,0.0,5.0,0.0,40.0,0.0,0.0,151.02,17.84,0.0,0.0,1423.12
11,46,lamyvbp1sb9o4f0bjtl,29-11-2023,0.0,0.0,48.0,14.0,3.0,1.0,37.0,1.0,159.79,34.69,787.3,0.0,1731.39
11,46,lamyvbp1tj5qzeya5ua,29-11-2023,0.0,28.0,0.0,0.0,46.0,0.0,0.0,0.0,344.95,0.0,0.0,104.72,1638.06
11,46,lamyvbp1wpqos5t2m9c,29-11-2023,0.0,0.0,44.0,6.0,17.0,0.0,0.0,0.0,690.5,0.0,0.0,300.55,1741.46
11,46,lamyvbp1x95d83cjl38,30-11-2023,29.0,2.0,0.0,0.0,0.0,16.0,0.0,15.0,0.0,0.0,0.0,430.61,2112.67
11,46,lamyvbp1me8kkxm7btr,30-11-2023,0.0,9.0,0.0,0.0,0.0,22.0,0.0,0.0,0.0,391.24,0.0,24.36,1714.28
11,46,lamyvbp1nj0hr46g3ag,30-11-2023,5.0,0.0,49.0,0.0,27.0,0.0,0.0,25.0,54.21,760.22,507.55,549.3,1606.38
11,46,lamyvbp16cju9i2larp,30-11-2023,0.0,3.0,0.0,9.0,7.0,25.0,0.0,0.0,634.09,27.55,0.0,0.0,1962.73
11,46,lamyvbp1dy9nxhilbsa,30-11-2023,0.0,46.0,19.0,0.0,40.0,0.0,16.0,43.0,28.9,0.0,0.0,492.33,2006.06
11,46,lamyvbp18wr5vn7qweb,30-11-2023,46.0,14.0,0.0,0.0,0.0,0.0,0.0,7.0,505.18,0.0,0.0,0.0,1724.03
11,46,lamyvbp1q6uoc9vav0h,30-11-2023,0.0,0.0,45.0,1.0,28.0,48.0,0.0,0.0,370.12,0.0,0.0,16.63,1386.87
11,46,lamyvbp1wcorthrq3s,30-11-2023,19.0,42.0,0.0,6.0,36.0,0.0,0.0,0.0,2.92,765.85,5.94,0.0,1969.95
12,47,lamyvbpc5qlsmnaxi08,06-12-2023,19.0,0.0,0.0,0.0,0.0,30.0,0.0,49.0,204.58,0.0,0.0,0.0,1915.37
12,47,lamyvbpcbif4nzpkn9w,06-12-2023,18.0,0.0,0.0,1.0,44.0,43.0,9.0,0.0,477.05,86.0,0.0,0.0,1370.43
12,47,lamyvbpcidvr6x2eh4j,06-12-2023,35.0,0.0,0.0,0.0,0.0,10.0,0.0,19.0,0.0,0.0,0.0,185.22,1616.03
12,47,lamyvbpcsjt8avv9jl,06-12-2023,26.0,0.0,8.0,26.0,0.0,0.0,0.0,0.0,0.0,0.0,0.0,134.77,1863.17
12,47,lamyvbpcqsnmerch98,06-12-2023,45.0,11.0,0.0,25.0,0.0,0.0,43.0,0.0,223.34,0.0,0.0,0.0,1440.27
12,47,lamyvbpchwhn0sxfn1o,06-12-2023,45.0,15.0,0.0,0.0,33.0,0.0,10.0,0.0,0.0,0.0,111.76,0.0,1335.83
12,47,lamyvbpc5ihyy3lqbqs,07-12-2023,0.0,0.0,35.0,21.0,0.0,0.0,21.0,1.0,201.47,150.97,0.0,0.0,1886.81
12,47,lamyvbpclpi7cmcomld,07-12-2023,0.0,0.0,36.0,0.0,0.0,0.0,26.0,45.0,285.79,30.1,337.75,0.0,1400.09
12,47,lamyvbpc8m1gjjabd6w,07-12-2023,7.0,36.0,0.0,12.0,0.0,34.0,18.0,0.0,0.0,0.0,0.0,16.25,1899.28
12,47,lamyvbpcmaibegcbr5,07-12-2023,0.0,0.0,0.0,43.0,0.0,6.0,12.0,0.0,0.0,479.35,360.77,0.0,1380.65
12,47,lamyvbpcyds6w4ccoip,07-12-2023,0.0,0.0,0.0,0.0,25.0,0.0,43.0,0.0,0.0,26.01,235.84,0.0,1380.34
12,47,lamyvbpcda4vilb6sx,07-12-2023,8.0,1.0,33.0,35.0,26.0,29.0,27.0,0.0,407.87,120.69,0.0,0.0,1652.1
12,47,lamyvbpcyz5h9y8gv4g,07-12-2023,48.0,0.0,0.0,0.0,48.0,39.0,0.0,0.0,0.0,387.34,0.0,0.0,1396.28
12,48,lamyvbpmrqrwfidt1wo,13-12-2023,0.0,0.0,0.0,0.0,0.0,0.0,31.0,0.0,0.0,76.79,0.0,312.94,1155.12
12,48,lamyvbpm9e9fgyjirtj,13-12-2023,41.0,28.0,26.0,27.0,0.0,0.0,0.0,0.0,685.72,0.0,0.0,721.83,1179.21
12,48,lamyvbpmzd6wxb7onx,13-12-2023,0.0,0.0,40.0,37.0,33.0,0.0,49.0,16.0,41.33,0.0,0.0,165.83,1475.75
12,48,lamyvbpm1rcji6j3xyh,13-12-2023,0.0,0.0,28.0,4.0,41.0,0.0,0.0,0.0,144.53,256.25,0.0,0.0,1412.38
12,48,lamyvbpmn8co7ligumg,13-12-2023,40.0,31.0,44.0,21.0,0.0,0.0,49.0,0.0,332.29,0.0,0.0,769.97,1721.39
12,48,lamyvbpmiyez90x44xd,13-12-2023,30.0,0.0,0.0,12.0,20.0,0.0,0.0,0.0,63.9,0.0,14.84,394.18,1138.52
12,48,lamyvbpmdwxa5w70irv,13-12-2023,31.0,45.0,0.0,21.0,20.0,0.0,3.0,40.0,0.0,310.83,754.89,0.0,1640.69
12,48,lamyvbpm16e9gqwxczm,13-12-2023,27.0,0.0,38.0,0.0,0.0,18.0,0.0,0.0,14.66,0.0,0.0,191.21,1426.78
12,48,lamyvbpmcjpqi99nrzl,13-12-2023,0.0,41.0,0.0,0.0,0.0,0.0,18.0,12.0,0.0,746.82,238.35,43.56,1765.6
12,48,lamyvbpmn6j8nc7ldp,13-12-2023,41.0,41.0,12.0,20.0,33.0,33.0,0.0,0.0,228.97,0.0,690.73,0.0,1460.84
12,48,lamyvbpm2h5q85qb851,13-12-2023,0.0,5.0,44.0,0.0,0.0,1.0,38.0,0.0,15.58,665.07,0.0,0.0,1226.84
12,48,lamyvbpmsnlhpg68am,13-12-2023,24.0,2.0,0.0,0.0,0.0,42.0,0.0,0.0,233.46,34.37,0.0,0.0,1612.12
12,48,lamyvbpm60tajmd7k79,14-12-2023,0.0,0.0,0.0,4.0,0.0,0.0,32.0,0.0,527.87,44.43,0.0,779.69,1595.38
12,48,lamyvbpmlkn490804yn,14-12-2023,6.0,0.0,0.0,45.0,39.0,0.0,47.0,48.0,333.92,0.0,0.0,0.0,1807.43
12,48,lamyvbpm3rg1ipdcq9g,14-12-2023,48.0,45.0,0.0,0.0,42.0,0.0,0.0,0.0,0.0,698.56,347.5,798.96,1566.34
12,48,lamyvbpmxx3601feej,14-12-2023,0.0,0.0,0.0,0.0,31.0,0.0,0.0,0.0,0.0,0.0,103.7,0.0,1372.64
12,49,lamyvbpyezuh4t30407,20-12-2023,5.0,0.0,24.0,47.0,0.0,0.0,40.0,0.0,31.94,29.45,0.0,886.04,1455.28
12,49,lamyvbpyvolcll1gdz,20-12-2023,17.0,43.0,27.0,44.0,0.0,0.0,47.0,0.0,0.0,0.0,0.0,0.0,1627.32
12,49,lamyvbpyafwr7n7q9wf,20-12-2023,0.0,7.0,0.0,0.0,16.0,43.0,27.0,0.0,622.54,829.21,603.89,0.0,1194.84
12,49,lamyvbpyz2mtip86bj9,20-12-2023,0.0,33.0,0.0,0.0,42.0,0.0,0.0,0.0,393.26,0.0,0.0,636.77,1453.22
12,49,lamyvbpyuo5l1omls9,20-12-2023,21.0,2.0,0.0,12.0,0.0,24.0,0.0,20.0,0.0,0.0,408.75,0.0,1501.38
12,49,lamyvbpyqn42c1yelie,21-12-2023,0.0,17.0,0.0,19.0,41.0,16.0,15.0,10.0,7.45,0.0,0.0,0.0,1094.77
12,49,lamyvbpyi0ouogiy1xr,21-12-2023,0.0,34.0,0.0,0.0,37.0,0.0,0.0,2.0,590.26,0.0,0.0,0.0,1612.52
12,50,lamyvbq9wm4ogshiqv,27-12-2023,27.0,41.0,36.0,0.0,0.0,34.0,0.0,48.0,0.0,20.78,0.0,0.0,1407.32
12,50,lamyvbq9aweltukoi5i,27-12-2023,0.0,0.0,25.0,0.0,0.0,42.0,0.0,0.0,0.0,28.12,761.66,0.0,1614.39
12,50,lamyvbq936yxzaz3sv4,27-12-2023,0.0,44.0,32.0,0.0,32.0,0.0,33.0,13.0,275.48,477.78,0.0,264.66,1278.57
12,50,lamyvbq9nmx4sqqwg4i,27-12-2023,15.0,29.0,45.0,22.0,0.0,30.0,12.0,0.0,0.0,246.14,592.46,66.32,1081.39
12,50,lamyvbq96vvq5zc0p0v,27-12-2023,10.0,0.0,4.0,0.0,17.0,0.0,0.0,0.0,353.29,0.0,0.0,0.0,1408.17
12,50,lamyvbq9mzbtxb5mxg8,27-12-2023,0.0,39.0,0.0,34.0,36.0,0.0,0.0,0.0,725.21,363.55,768.32,477.31,1071.61
12,50,lamyvbq9qhdsxtuukx,27-12-2023,0.0,0.0,33.0,0.0,0.0,7.0,26.0,0.0,261.2,0.0,420.41,0.0,1529.96
12,50,lamyvbq9ejyckuiukfj,27-12-2023,0.0,0.0,28.0,9.0,0.0,17.0,15.0,11.0,1.28,7.11,397.85,0.0,1673.04
12,50,lamyvbq9uo6skjzdjrm,27-12-2023,21.0,3.0,35.0,0.0,0.0,0.0,24.0,6.0,292.57,92.55,0.0,28.68,1148.76
12,50,lamyvbq95qrsz3qla1x,27-12-2023,38.0,30.0,0.0,13.0,0.0,42.0,0.0,14.0,0.0,0.0,0.0,367.16,973.42
12,50,lamyvbq931ocg8ko7t2,27-12-2023,0.0,0.0,28.0,0.0,19.0,0.0,19.0,0.0,596.37,0.0,0.0,0.0,1642.51
12,50,lamyvbq926m0bln0yi6,28-12-2023,0.0,6.0,0.0,0.0,0.0,31.0,20.0,0.0,0.0,0.97,516.24,223.48,1011.42
12,50,lamyvbq9cs5gd5rq6y,28-12-2023,0.0,0.0,0.0,22.0,16.0,0.0,49.0,28.0,32.33,0.0,0.0,371.81,1566.25
12,50,lamyvbq9z02ruhza78l,28-12-2023,0.0,0.0,49.0,0.0,47.0,0.0,0.0,41.0,0.0,4.06,12.89,0.0,1589.15
12,50,lamyvbq94lyj2a1zl2i,28-12-2023,0.0,37.0,0.0,39.0,0.0,0.0,9.0,12.0,44.34,555.41,464.43,0.0,1534.11
12,50,lamyvbq9183gcvkp8hd,28-12-2023,23.0,36.0,27.0,40.0,34.0,0.0,0.0,0.0,40.42,0.0,151.57,0.0,1199.6
12,50,lamyvbq9azxivukmwgu,28-12-2023,0.0,14.0,0.0,24.0,11.0,0.0,0.0,28.0,0.0,172.3,551.38,0.0,1296.48
12,50,lamyvbq9gsfggolkpx9,28-12-2023,0.0,30.0,0.0,0.0,0.0,15.0,33.0,0.0,553.13,0.0,0.0,0.0,987.42
12,50,lamyvbq9l8g9eq3607b,28-12-2023,37.0,13.0,0.0,12.0,0.0,41.0,2.0,0.0,0.0,42.36,147.87,123.11,1191.48
12,50,lamyvbq94tyut4wxqi9,28-12-2023,21.0,0.0,0.0,0.0,0.0,0.0,36.0,0.0,264.97,48.94,0.0,263.47,1414.36
12,50,lamyvbq9npr4m9i3it,28-12-2023,3.0,0.0,0.0,36.0,15.0,0.0,9.0,0.0,77.53,760.68,748.06,0.0,1205.01
12,50,lamyvbq98j3pd1ml4hu,28-12-2023,2.0,0.0,0.0,0.0,0.0,0.0,42.0,26.0,1.26,15.84,0.0,0.0,1488.85
12,50,lamyvbq9vhedr73x3np,28-12-2023,0.0,16.0,0.0,0.0,37.0,0.0,13.0,0.0,0.0,6.8,150.01,0.0,964.0
